sequence,group
RKRIHIGPGRAFYTT,2
GLRKRLRKFRNKIKEKLKKI,2
GLRKRLRKPRNKPKEKLKKI,2
GLRKRKRKFRNKKKEKLKKI,2
GLRKALRKFRNKIKEALKKI,2
GLRKRLRKARNKIKEKLKKI,2
GLRKRLRKFRNKIKQKLKKI,2
LLGDLLRKSKEKIGKEFKRIVQRIKDFLRNLVPRTES,5
LLGDLLRKSKEKIGKEFKRIVQR,5
KRIVQRIKDFLRNLVPRTES,5
SKEKIGKEFKRIVQRIKDFLR,5
FKRIVQRIKDFLR,5
RLFDKIRQVIRKF,5
KRIVQRIKDFLR,5
GFKRIVQRIKDFLRNLV,5
GIKEFKRIVQRIKDFLRNLV,5
GIKEWKRIVQRIKDFLRNLV,5
GIKQFKRIVQRIKDFLRNLV,5
GIKEFKREFQRIKDFLRNLV,5
GRFKRFRKPFKKLFKKIS,5
GRFKRIRKKLKKLFKKIS,5
GRFKRFRKKFKKLFK,5
RRRFPWVCWPFLRRR,6
RFPWWWPFLR,6
KWKSFIKKLTSAAKKVVTTAKPLISS,2
KWKLFKKIGIGAVLKVLTTGLPALIS,2
KWKLFKKIGIGAVLKVLTTGLPALKLTK,2
KWKSFIKKLTTAVKKVLTTGLPALIS,2
KWKSFIKKLTSAAKKVTTAAKPLTK,2
KWKKFIKKIGIGAVLKVLTTGLPALKLTKK,2
KKWKKFIKKIGIGAVLTTPGAKK,2
KWKSFIKKLTSAAKKVVTTAKPLALIS,2
KWKSFIKKLTKAAKKVVTTAKKPLIV,2
KWKKFIKSLTKSAAKTVVKTAKKPLIV,2
KWKLFKKIGIGAVLKVLTTGLPALKLTLK,2
KLFKKIGIGAVLKVLTTGLPALKLTLK,2
KWKFKKIGIGAVLKVLTTGLPALKLTLK,2
KLWKLFKKIGIGAVLKVLTTGLPALKLTLK,2
KWKSFIKNLTKGGSKILTTGLPALIS,2
KWKKFIKNLTKGGSKILTTGLPALIS,2
KWKSFIKKLTSAAKKVLTTGLPALIS,2
KKWWKAQKAVNSGPNALQTLAQ,2
KKWWKAKKFANSGPNALQTLAQ,2
KKWWKFIKKAVNSGTTGLQTLAS,2
KWKSFIKKLTSVLKKVVTTAKPLISS,2
KKKSFIKLLTSAKVSVLTTAKPLISS,2
WKVFKSFIKKASSFAQSVLD,2
KKWRKSFFKQVGSFDNSV,2
YVLWKRKRFIFI,2
YVLWKRKRWIFI,2
YVLWKRKRYIFI,2
YVLFKRKRFIFI,2
YVLLKRKRLIFI,2
YVLAKRKRAIFI,2
GWKRKRFG,2
FQWQRNMRKVRGPPVS,2
FQWQRNMRKVR,2
FQWQRNPRKVR,2
RRGWVLALVLRYGRR,2
RRGWVLALYLRYGRR,2
RRGWALRLVLAY,2
WVLVLRLGY,2
KSCCRNTWARNCYNVCRLPGTISREICAKKCRCKIISGTTCPSDYPK,12
CCRNTWARNCYNVCRLPGTISREICAKKCDCKIISGTTC,12
CCRNTWARNCYNVCRLPGTISREICAKKCRCKIISGTTC,12
TWARNCYNVCRLPGTISREICAKKCD,12
TWARNCYNVCRLPGTISREICAKKCR,12
REISAKKSD,12
REISAKKSR,12
VCRLPGTISREICA,12
TWARNSYNVSRLP,12
ALWMTLLKKVLKAAAKAALDAVLVGANA,2
ALWDTLLKKVLKAAAKAALNAVLVGANA,2
ALWDTLLKKVLKAAAKAALDAVLVGANA,2
ALWMTLLKKVLKAAAKAALKAVLVGANA,2
ALWKTLLKKVLKAAAKAALNAVLVGANA,2
ALWMTLLKKVLKAAAKAALN,2
ALWMTLLKKVLKAAAK,2
ALWMTLLKKVLK,2
TLLKKVLKAAAK,2
TLLKKVLKAAAKAALNAVLVGANA,2
KVLKAAAKAALNAVLVGANA,2
AAAKAALNAVLVGANA,2
ALWKTLLKKVLKAAAK,2
LCYCRRRFCVCVGR,2
RGGRLCYARRRFAVCVGR,13
RGGRLAYCRRRFCVAVGR,2
RRWQWRMKKLG,2
HPLKQYWWRPSI,2
GDFFRKSKEKIGKEFKRIVQRIKDFLRNLVPRTES,2
RKSKEKIGKEFKRIVQRIKDFLRNLVPRTES,2
KLFKRIVKRILKFLRKLV,2
SLSRYAKLANRLA,2
PKLLETFLSKWIG,2
SLSRYAKLANRLANPKLLETFLSKWIG,2
GATAIKQVKKLFKKWGW,14
GSKKPVPIIYCNRRGKCQRM,2
GSKKPVPIIYCNRRTKCQRM,2
GSKKPVPIIYCNRRKCQRM,2
GSKKPVPIIYCNRRATGKCQRM,2
GSKKPVPIIYCNRRAATGKCQRM,2
GSKKPVPIIYANRRTGKAQRM,2
TRSSRAGLQWPVGRVHRLLRK,2
TRSSRAGLQWAVGRVHRLLRK,2
VKKFPWWWPFLKK,2
RRFPWWWPFRR,2
KKFPWWWPFKK,2
GLFGKLQKKFGRKAISYAVKKARGKH,2
GLFGKLIKKKGRKAISYAVKKARGKH,2
GLFGKLIKKFLRKAISYAVKKARGKH,2
GKLIKKFGRKAISYAVKKARGKH,2
GIINTLQKYYCRVRGGRCAVLSCLPKEEQIGKCSTRGRKCCRRKK,2
KYYCRVRGGRCAVLSCLPKEEQIGKCSTRGRKCCRRKK,2
YCRVRGGRCAVLSCLPKEEQIGKCSTRGRKCCRRKK,2
KEEQIGKSSTRGRKSSRRKK,2
KSSTRGRKSSRRKK,2
RGRKSSRRKK,2
RGRKSSRRK,2
KYYSRVRGGRSAVLSSLPK,2
GIINTLQKYYSRVRGGR,2
GWKKWFTKGERLSQRHFA,16
GFLGILFHGVHHGRKKALHMNSERRS,16
RLCRIVVIRVCR,2
RLSRIVVIRVSR,2
RRLCRIVVIRVCRR,2
RRCPIVVIRVCR,2
KKCPIVVIRVCK,2
RRRCPIVVIRVCRR,2
RRRLCPIVIRVCRR,2
RLCRIVPVIRVCR,2
RLCRIVWVIRVCR,2
RRLCRIVWVIRVCRR,2
CTRPNYNKRKRIHIG,2
RIVFAVLSIVNRVRQ,2
AKKIRVRLSA,2
QAKIRVRLSA,2
QKAIRVRLSA,2
QKKARVRLSA,2
QKKIAVRLSA,2
QKKIRARLSA,2
QKKIRVALSA,2
QKKIRVRASA,2
QKKIRVRLAA,2
QRKIRVRLSA,2
QKRIRVRLSA,2
QRRIRVRLSA,2
KIRVRLSA,2
QKKIRVRLSA,2
KWKLFKKIGAVLKVL,2
KWKKFKKIGAVLKVL,2
KWKLFKKIGAVLKKL,2
KWKKFKKIGKVLKVL,2
KWKKFKKIGAVLKKL,2
KWKLFKKIGKVLKKL,2
KVDKGSYLPRP,2
VDKGRYLEAPTPPRPIYNRN,2
DKGRYLEAPTRPRPERNRK,2
VDKGSYLPRPTPYSPRPPIYNRN,2
VDKGSYLPRPTPTPRYRPIYNRN,2
ADADDDDDK,20
KYYGNGVTCGKHSCSVDWGKATTCIINNGAAAWATGGHQGNHKC,14
KYYGNGVTCGKHSCSVDWGKATTCIINNGAIAWATGGHQGNHKC,14
KYYGNGVTCGKHSCSVDWGKATTCIINNGALAWATGGHQGNHKC,14
KYYGNGVTCGKHSCSVDWGKATTCIINNGADAWATGGHQGNHKC,14
KKVVFKVKFKK,6
SNNFGAKLSSTKVGK,2
SNKGAIKGLMVKGVK,2
VTNVGGKVVTGKTAK,2
GAAAAGKVVGGKGGK,2
ALLSPYKYSTTKVVK,2
GKSNFLKSYVSKHPK,2
SQSSVDKLNWYKQRK,2
GKAPKLKIFDTKNLK,2
RSGTDFKLTISKLQK,2
PDDFATKYSQQKYTK,2
SNGPVKKWGSIKGLK,2
DVSIEDKVISLKGDK,2
HSIIGRKLVVHKKAK,2
KHGATVKTALGKILK,2
VKYLEFKSESIKQVK,2
DMQSLFKQYFQKMTK,2
AGTSLVKFFSSKMNK,2
LPGSSKKFSVYKDQK,2
TSLGGWKLIQQKMDK,2
GNDYLHKLTQRKSVK,2
EIENGVKWVSFKGAK,2
YTGIFTKQVLSKLKK,2
GSHLVEKLYLVKERK,2
GISLANKMSLAKWEK,2
DEKIYLIKVADVDQR,2
LMEIHHRASQDTPKE,2
WYADHSDQYQLLDTP,2
DLVELAMLEADRMSR,2
QDNYWVTQGLNILSG,2
DEKIYLKKVADKDQK,2
LMEIHHKASQDKPKK,2
WYADHSKQYQLKDTK,2
DLVELAKLEADKMSK,2
QDNYWVKQGLNKLSK,2
TPIESHQVEKRKSNT,2
MHMNVQNGKWDSDPS,2
TPIESHKVEKRKSNK,2
MHMNVQKGKWDKDPK,2
TKCFQWQRNMRKVRGPPVSCIKRDS,2
TKCFQWQRNMRKVR,2
KCFQWQRNMRKVR,2
CFQWQRNMRKVR,2
AFQWQRNMRKVR,2
CAQWQRNMRKVR,2
CFAWQRNMRKVR,2
CFQAQRNMRKVR,2
CFQWARNMRKVR,2
CFQWQANMRKVR,2
CFQWQRAMRKVR,2
CFQWQRNARKVR,2
CFQWQRNMAKVR,2
CFQWQRNMRAVR,2
CFQWQRNMRKAR,2
CFQWQRNMRKVA,2
CFQWKRNMRKVR,2
CFQWKRAMRKVR,2
CFAWKRNMRKVR,2
CFAWQRAMRKVR,2
CFALKKAMKKVR,2
FAKKLAKKLKKLAKKLAK,2
KRFHSVGSLIQRLQQMIRDLSEATRHGIRKITRPKLLLAS,2
GWKKWLRKGAKHLGQAAIKGLAS,16
RGLRRLGRKIAHGVKKYG,23
LGRKIAHGVKKYGPTVLRII,23
KIAHGVKKYGPTVLRIIRIAG,23
RGLRALGRKIAHGVKAYG,23
KNIRRIIRKIIHIIKKYG,23
NLRRIIRKIIHIIKKY,23
NIRRIIRKIIHIIKKY,23
LRRIIRKIIHIIKK,23
IRRIIRKIIHIIKK,23
ARGLTYNKPCLYGT,2
AMRLTGNKPCLYGT,2
AMRLTYNKPCLGGT,2
AMRLTYNKGCLYGT,2
AMRLTYNKPGLYGT,2
AGRLTGNKGGLGGT,2
SIITGTKEAKLPQLWKQIACRLYNTC,2
SIITMTKEAKLGQLWKQIACRLYNTC,2
SIITMTKEAKLPQLGKQIACRLYNTC,2
SIITMTKEAKLPQLWKQIACRLGNTC,2
SIITGTKEAKLGQLGKQIACRLGNTC,2
FRSGILKLASKIGSVLCAVLKNC,2
AKAGGIPPHVIPQIVPVRIRPLCGNV,2
AKAWGIGGHVIGQIVGVRIRGLCGNV,2
AKAWGIPPHVIPQIVPVRIRPLGGNV,2
AKAGGIGGHVIGQIVGVRIRGLGGNV,2
GFGDSVKEGLKNAAVTILNKIKCKISECPPA,2
GFWDSVKEGLKNAAVTILNKIKCKISECGGA,2
GFGDSVKEGLKNAAVTILNKIKCKISECGGA,2
FIGGLRRLFATVVGTVVCAINKLGGG,2
FIPGLRRLFATVVPTVVGAINKLPPG,2
FIGGLRRLFATVVGTVVGAINKLGGG,2
DDGDKGMLKWKNDFFQEF,2
DDPDKGGLKWKNDFFQEF,2
DDPDKGMLKGKNDFFQEF,2
DDGDKGGLKGKNDFFQEF,2
GLLDSVKEGLKKVAGQLLDTLKCKISGCTGA,2
GFFDRIKALTKNVTLELLNTITGKLPVTPP,2
GFFDRIKALTKNVTLELLNTITCKLGVTGG,2
GFFDRIKALTKNVTLELLNTITGKLGVTGG,2
SFGAKNAVKNGLQKLRNQCQANNGQGPFCDIFKKNP,2
SFGAKNAVKNGLQKLRNQCQANNYQGGFCDIFKKNG,2
SFGAKNAVKNGLQKLRNQCQANNGQGGFCDIFKKNG,2
CVHWMTNTARTACIAP,2
CVHGMTNTARTACIAP,2
CVHWGTNTARTACIAP,2
CVHWMTNTARTACIAG,2
CVHGGTNTARTACIAG,2
HSSGYTRPLRKPSRPIFIRPI,24
AIHNLAHKLLKKLTRAVKKLAN,2
AIHKLAHKLLKKLLKAVKKLAK,2
AIHKLAHKLLKKLLRAVKKLAN,2
AIHKLAHKLLKKTLRAVKKLAN,2
AIHKLAHKLTKKTLRAVKKLAN,2
AIHKLAHKTLKKTLRAVKKLAN,2
AIHKLAHKLLPKTLRAVKKLAN,2
KWKSFLKTFKSAVKTVLHTALKAISS,2
KWKSFLRTLKSPAKTVFHTALKAISS,2
KWKSFLRTFKSPVRTVFHTALKPISS,2
KLLLKLLK,27
LKLLLKLLK,27
KLLLKLLLKLLK,27
KLLKLLLKLLLKLLK,27
KLLKLLLKLLLKLWK,27
KLLKLLKLLKLLKLWK,27
GNNRPVYIPRPRPPHPRLV,2
GNNRPVYIPQPRPPHPRPIRV,2
KVNVNAIKKGGKAIGKGFKVISAASTAH,2
LLAGLAANFLPTIICKISYKC,31
FAGLAANFLPTIICKISYKC,31
FLKLLKKLAAKFLPTIICKISYKC,31
FLKLLKKLAAKFL,31
FLKLLKKLAAKLF,31
FLGALFKALSKLL,31
FLKLLAGLLKNFA,31
GIWGTLAKIGIKAVPRVISMLKKKQ,32
SMLSVLKNLGKVGLGFVASKINKQS,2
SMLAVLKNLGKVGLGFVACKINKQC,2
SMLGVLKNLGKVGLGFVACKINKQC,2
SMLSVLRNLGKVGLGFVACKINKQC,2
SMLSVLKNLGRVGLGFVACKINKQC,2
SMLSVLKNLKKVGLGFVACKINKQC,2
SMLSVLKNLKKVKLKFVACKINKQC,2
SMLSVLKNLEKVELEFVACKINKQC,2
SMLKVLKNLGKVGLGFVACKINKQC,2
SMLSVLKNLGKVGLGFVAAKIAKQA,2
SMLSVLKNLGKVGLGFVA,2
SMLSVLKKLGKVGLGFVACKINKQC,2
SMLSVLKNLGKVGLGFVKCKINKQC,2
SMLSVLKNLGKVGLGFVACKIKKQC,2
SMLSVLKNLGKVGLGFVACKINKKC,2
GFMKYIGPLIPHAVKAISKLI,2
GFMKYIKPLIPHAVKAISKLI,2
GFMKYIKPLIPHAVKAIKKLI,2
SIGRRGGYCAGIIKQTCTCYR,2
VLSAADKGNVKAAWGKVGGHAAEYGAEALERM,35
VLSAADKGNVKAAWGKVGGHAAEYGAEAL,35
VLSAADKGNVKAAWGKVGGHAAEYGAEA,35
VLSAADKGNVKAAWGKVGGHAAEYGAE,35
VLSAADKGNVKAAWGKVGGHAAE,35
FLSFPTTKTYFPHFDLSHGSAQVKGHGAKVAAALTKAVEHLDDLPGALSEL,35
LSFPTTKTYFPHFDLSHGSAQVKGHGAKVAAALTKAVEHLDDLPGALSEL,35
FLSFPTTKTYFPHFDLSHGSAQVKGHGAKVAAAL,35
LSFPTTKTYFPHFDLSHGSAQVKGHGAKVAAAL,35
FLSFPTTKTYFPHF,35
FLSFPTTKTYFPH,35
LSFPTTKTYFPHF,35
FPTTKTYFPH,35
PTTKTYFPHF,35
VTLASHLPSDFTPAVHASLDKFLANVSTVLTSKYR,35
VTLASHLPSDFTPAVHASLDKFLANVSTVL,35
VTLASHLPSDFTPAVHASLDKFLANVS,35
STVLTSKYR,35
ARNFGKFFTPVLQADFQKVVAGVANALAHRYH,35
FTPVLQADFQKVVAGVANALAHRYH,35
QADFQKVVAGVANALAHRYH,35
MLTAEEKAAVTAFWGKVKVDEVGGEALGRL,35
MLTAEEKAAVTAF,35
FEDLPNFGHIQVKVFNHGEHIHH,36
AANIPFKVHFRCKSIFC,2
AVNIPFKVHFR,2
CWTKSIPPRPC,2
CWTASIPPRPC,2
CWTVSIPPRPC,2
IGKEFKRIVQRIKDFLRNL,2
IGKKFKRIVQRIKDFLRNL,2
IGKKFKRIVQRIKKFLRNL,2
IGKKFKRIVQRIKKFLRKL,2
IGKKFKRIVKRIKKFLRKL,2
IGKLFKRIVQRIKKFLRNL,2
IGKLFKRIVQRILKFLRNL,2
IGKLFKRIVKRILKFLRKL,2
ILKLFKRIVKRILKFLRKL,2
IGKKWKRIVKRIKKFLRKL,2
IGKKFKRIVKRIKKWLRKL,2
RPVYIPQPRPPHPRL,2
YIPQPRPPHPRL,2
PQPRPPHPRL,2
QPRPPHPRL,2
RREAEPEAEPGNNRPVYIPQPRPPHPRL,2
PRPPHPPRPPHPRL,2
PRPPHPPRPPHPPRPPHPRL,2
PRPPHPPRPPHPPRPPHPPRPPHPRL,2
GEKLKKIGQKIKNFFQKL,2
GKKLKKIGQKIKNFFQKL,2
GEKLKKIGKKIKNFFQKL,2
GEKLKKIGQKIKKFFQKL,2
GEKLKKIGQKIKNFFKKL,2
VRRFGWWWGFLRR,2
VRRFAWWWAFLRR,2
VRRFPFFFPFLRR,2
VRRFPAAAPFLRR,2
YGRKKRRQRRRD,37
NNEAQCEQAGGICSKDHCFHLHTRAFGHCQRGRPCCRTRYD,2
NNEAQCEQAGGRCSKDHCFHLHTRAFGHCQRGVPCCRRVYD,2
NNEAQCEQAGGICSKDHCFHLHTRAFGHCQRGDPCCRTDYD,2
NNEAQCEQAGGDCSKDHCFHLHTRAFGHCQRGVPCCRDVYD,2
LLGDFFRKSKEK,2
IGKEFKRIVQRIKDFLRNLVPRTES,2
GLFSKFAGKGIKNFLNKGVKHIGKE,2
QVFTLIKGATQLIRKTLGEQ,2
KVQNQHGQVVKIFHH,39
VQNQHGQVVKIFHH,39
NQHGQVVKIFHH,39
GICRCICGRRICRCICGR,40
GVCRCVCRRGVCRCVCRR,2
QRSVSNAATRVCRTGRSRWRDVCRNFMRR,42
QRSVSNAATRVSRTGRSRWRDVSRNFMRR,42
QRSVSNAATRVCRT,42
RDVCRNFMRR,42
RDVCRNFMRRYQSRVIQGLV,42
QRSVSNAATRVCRTGRSRW,42
GRSRWRDVCRNFMRR,42
GQSQWRDVCRNFMRR,42
RCVCRRGVCRCVCTRGFC,2
ALYKKFKKKLLKSLKRLG,2
ALYKRLFKKLKKF,2
PLYKKIIKKLLES,2
ALYKKIIKKLLESAKKLG,2
ALYKKLLKKLLKSAKKLG,2
FLGVVFKLASKVFPAVFGKV,2
FLKVVFKLASKVFPAVFGKV,2
FLGKVFKLASKVFPAVFGKV,2
FLGVVFKKASKVFPAVFGKV,2
FLGVVFKLASKVFKAVFGKV,2
FLGVVFKLASKVFPAVFKKV,2
FLKKVFKLASKVFPAVFGKV,2
FLGKVFKKASKVFPAVFGKV,2
FLGKVFKLASKVFKAVFGKV,2
FLGKVFKLASKVFPKVFGKV,2
FLGKVFKLASKVFPAVFKKV,2
FLKVVFKKASKVFPAVFGKV,2
FLGVVFKKASKVFKAVFGKV,2
FLGVVFKKASKVFPKVFGKV,2
FLGVVFKKASKVFPAVFKKV,2
FLGGVFKLASKVFPAVFGKV,2
FLGSVFKLASKVFPAVFGKV,2
FLGVVFKGASKVFPAVFGKV,2
FLGVVFKSASKVFPAVFGKV,2
FLGGVFKGASKVFPAVFGKV,2
FLGSVFKSASKVFPAVFGKV,2
FLGVVVKLASKVFPAVFGKV,2
FLGVVFKLVSKVFPAVFGKV,2
FLGVVFKLAVKVFPAVFGKV,2
FLGVVFKLASKVVPAVFGKV,2
FLGVVFKLASKVFPAVVGKV,2
FLGKVVKGASKVFPAVFGKV,2
FLGKVFKGVSKVFPAVFGKV,2
FLGKVFKGAVKVFPAVFGKV,2
FLGKVFKGASKVVPAVFGKV,2
FLGVVFKGASKVFPAVVGKV,2
FLGKVVKKASKVFPAVFGKV,2
FLGKVFKKVSKVFPAVFGKV,2
FLGKVFKKAVKVFPAVFGKV,2
FLGKVFKKASKVVPAVFGKV,2
FLGKVFKKASKVFPAVVGKV,2
FLGVVFKLASKVFGAVFGKV,2
FLKVVFKLASKVFGAVFGKV,2
FLGKVFKLASKVFGAVFGKV,2
FLGVVFKKASKVFGAVFGKV,2
FLGVVFKLASKVFGKVFGKV,2
FLGVVFKLASKVFGAVFKKV,2
FLGKVFKGASKVFGAVFGKV,2
FLGGVFKKASKVFGAVFGKV,2
GVSVAGAKKVKVLFVFPFLF,2
FLFRVASKVFPALIGKFKKK,2
RKVAPALIKSFVFLFKFKKG,2
LGALFRVASKVFPAVISMVK,2
SVPSVGAVLFFKRAAVMKLI,2
LPVLFKLASKVFPAVFSSLK,2
VSVKKVLPFAPLKSLLSFAF,2
FLFGLASKVFPAVYCKVTRK,2
FLPVLVKVFRYSKKTAAGCF,2
SFVFKLASKVVPSVFSALTR,2
ASPTVFRSSVFLSLFVVAKK,2
LPVVFRVASKVFPALISKLT,2
KVFIATLVVSSFLLAKPPRV,2
THIHMNARLLIRSPFTDPQL,2
RKRKSDVDFEAEFELFEDDD,2
AATGTGKTAAFALPVLERLI,2
PYSLKNGENWLLSEEIIRYP,2
KFDPLEGAPMARGIVLEKVG,2
HTGRSGPATGHSGHSSTHGS,2
ALFSLASKVVPSVFSMVTKK,2
MVVFSVPKFKSTVAKLLSSA,2
VVFRVASKVFPAVYCTVSKK,2
TAKVVVFVSFSYVVPKKRAC,2
LSAVGKIASKVVPSVIGAFK,2
GVSSPIVAVKFKGAVASLIK,2
PVIGKLASKVVPSVFSMIKR,2
SRVPLKSPVKIVGSKVMIFA,2
GLMSLVKDIAKLAAKQGAKQ,2
GLKKDALQSIVKKAQLAAMG,2
SALGRVASKVFPAVYCSITK,2
LYSPTCVKAAVSRFIGKVSA,2
GFIGKLASKVVPSVYCKVTG,2
ALGKLASKVFPAVYCTISRK,2
KYGPALVIAVKKSCSLTFRA,2
PVVFSVASKVVPSLISALKR,2
KSPFVLVVSSRVAAVIKSLP,2
PAVFKIASKVVPSVYCKVSR,2
KVYVVKIAVPCFPKSARSVS,2
GALFGLASKVFPAVFGAFKK,2
SAVGKLASKVFPAVFSMVTK,2
FMKVLAVFGSVVTSAPKASK,2
VKDLAKFIAKTVAKQGGCYL,2
ALVYAGIKKTAFLKVQKCDG,2
GVVGKLASKVVPSVFGSFTK,2
SVKPVGSSVVKGTALVKFFG,2
SAVGSVASKVVPSLISKVTK,2
STVKVASKLAVVVSPISKGS,2
MKSIAKFIAKTVAKQGAKQG,2
AKKAQKSGAQTIVKIFAKGM,2
LPAVFKLASKVVPSVFGLVK,2
VVAKKFFVLVKGLAPVLSPS,2
SVIGKIASKVVPSVYCAISK,2
IASAVPVCVKGKISKSYISV,2
PVVGRVASKVFPAVIGLVKK,2
VKRAGKGVAVVPSPLFKIVV,2
LSFVGRVASKVVPSLISMIK,2
SSSIPIKMVLVRALVFVKSG,2
SALGRLASKVVPAVIGKVTT,2
TLVGVVAKLVATKIGSSPRA,2
LGVVGSLASKVVPAVISKVK,2
PKVVGLSIVVVKAKVSSALG,2
LPAVFKLASKVFPAVYCKAS,2
PSLLYKAKAVFCKPSAVAVF,2
VVGRVASKVVPSLIGLFTTK,2
FKVVISKPGLSVRVGTALVT,2
SVVFGVASKVVPSVIGKVKT,2
VFSVKGGKPSVVIKVVVAST,2
FLPFVGRIASKVVPSVIGKV,2
GKKLAKTIAKEVAKQGAKFA,2
SKFPLAGIFSVPGVKRVVVI,2
VIAFAKTKEAKAKLKGQAKG,2
FVGSLASKVVPSVFGAIKTK,2
KTVPVVLKASIKVSSAGFGF,2
LPVVFKIASKVVPSVISKIT,2
KIVKVITVKSISPASLVPVF,2
GAVFGVASKVVPSVFSAIKK,2
SVKVAKSVIPSAVFAGGKVF,2
FVGGVASKVVPSVYCKVSKK,2
KVGKGSYPCSFVKVVAKVSV,2
VVFKLASKVVPSVYCTITKK,2
VKTKCSVPAVVYILVKTFKS,2
GALFSLASKVVPAVIGLIKK,2
LPVLFSSAIAKVGIKLGAKV,2
VRLEFKLQQTSCRKRDWKKP,2
QRFSQPTFKLPQGRLTLSRKFR,2
QRFSQPTFKLPQGRLTLSRKF,2
ESGNEPLWLYQGDNIPKAPSTAEHPFLPSIIDDVKFNPDRRYAR,2
ESGNEPLWLYQGDNIPKAPSTAEHPFLPSIIDDVKFNPDRRYA,2
SLGTPDHYHGGRHSISRGSQSTGPTHPGYNRRNAR,2
SLGTPDHYHGGRHSISRGSQSTGPTHPGYNRRNA,2
SVETLASQEHLSSLPMDSQETLLRGTR,2
SVETLASQEHLSSLPMDSQETLLRGT,2
RRGFWKRLRRRLRRFGDRIRNRFRNFREKLPDPFPG,2
GAARKSIRLHRLYTWKATIYTR,2
GSCSCSGTISPYGLRTCRATKTKPSHPTTKETHPQTLPT,2
GKWGWIYITILFADVGGFKSSRHPEERRVQERRFKRITRGPD,2
IKKVASVIGGL,2
KVASVIGGL,2
GLFDVIKKVASVIGG,2
GLFDVIKKVASVIG,2
GLFDVIKKVASVI,2
GLFDVIKKVASV,2
GLFDVIKKVAS,2
GLFDVIKKV,2
DVIKKVASVIG,2
GLFDVIKASVIGGL,2
GLFDVVIGGL,2
GLFAVIKKVASVIGG,2
GLFAVIKKVASVIG,2
GLFAVIKKVASVI,2
GLFAVIKKVASV,2
RRQRRTSKLMKRGGKLAKLAKKLAKLAK,46
GLWNSIKIAGKKLFVNVLDKIRCKVAGGCKTSPDVEYHK,2
KTSPDVEYHK,2
GLWNSIKIAGKKLFVNVLDKIRCKVAGGC,2
GLWDSIKIAGKKLFVNVLDKIRCKVAGGC,2
GLWNSIKIAGKNLFVNVLDKIRCKVAGGC,2
GLWNSIKIAGKKLFVNVLDKIRSKVAGGS,2
GKKLFVNVLDKIRCKVAGGC,2
YKQCHKKGGHCFPKEKICLPPSSDFGKMDCRWRWKCCKKGSG,2
MPKRKAEGDAKGDKAKV,2
GEKVPKGKKGKADAGKEGNNPAENGDAKTDQAQKAEGAGDAK,2
KDEPQRRSARLSAKPAPPKPEPKPKKAPAKK,2
GPVSAVLTELRCTCLRVTLRVNPKTIGKLQVFPAGPQCSKVEVVASLKNG,47
APFLKKVIQKILDSGNKKN,47
AWLDKLKSLGKVVG,2
KVALGVAQNYLNPQQ,2
HNKQEGRDHDKSKGHFHRVVIHHKGGKAH,2
KKFFLKVLTKIRCKVAGGCRT,2
FLGALFHALSKLL,31
FLGALFKALSHLL,31
FLGALFHALSHLL,31
PAWRKAFRWAWRMLKKAA,31
PAWHHAFHWAWRMLKKAA,31
PAWRKAFRWAWHMLHHAA,31
PAWRHAFHWAWHMLHKAA,31
GLFAVIKKVASVIGGL,31
GLFAVIHKVASVIGGL,31
GLFAVIKHVASVIGGL,31
GLFAVIHHVASVIGGL,31
CRRLCYKQRCVTYC,2
QCRRLCYKQRCVTYCRGR,2
RLRKAVRLIK,50
ELSKAVRLIK,50
RAGLQWPIGRLLRRLLRRLLR,2
RVVRQWPIGRVVRRVVRRVVR,2
KLLKQWPIGKLLKKLLKKLLK,2
KVVKQWPIGKVVKKVVKKVVK,2
APRKNVRW,2
APRKNVRF,2
APRKNVKW,2
VCYCRRRFCVCVGR,2
ECYCRRRFCVCVGR,2
RGGRLCYCRRRFCVCT,2
RGGRLCYCRRRFCVCI,2
RGGRLCYCRRRFCVCE,2
LCYCRRRFCVC,2
CYCRRRFCVC,2
FKCRRWQWRMKKLGAPSITCVRRAF,2
FKCRRWQWRMKKLGA,2
RRWQWRMKK,2
APRKNLKW,2
APRKQLKW,2
APRRQLKW,2
APKKQLKW,2
AFRKQLKW,2
LFRKQLKW,2
RCYCRRRFCVCVGR,2
RGGRLCYCRRRFCVCR,2
RCYCRRRFCVCR,2
RCYARRRFAVCR,2
RAYCRRRFCVAR,2
LCYTRPRFTVCV,2
YQWQRRMRKLGAPSIT,2
YQWQRRMKLGAPSIT,2
WQRRMRKLGAPSIT,2
WQRRMKLGAPSIT,2
YQWQRRMRLGAPSIT,2
YQWQRMRKLGAPSIT,2
WFRKQLKW,2
FFHHIFRAIVHVGKTIHRLVTG,2
FFHHIFRGIVHVAKTIHRLVTG,2
KNLRRIIRKGIHIIKKYF,2
FFHHIFRAIVHVAKTIHRLVTG,2
FFHHIFRPIVHVGKTIHRLVTG,2
FFHHIFRGIVHVPKTIHRLVTG,2
FFHHIFRPIVHVPKTIHRLVTG,2
FFHHIFRAIVHVPKTIHRLVTG,2
FFHHIFRPIVHVAKTIHRLVTG,2
AAHHIARPIVHVGKTIHRLVTG,2
FFAAIFRPIVHVGKTIHRLVTG,2
FFAAIFAPIVHVGKTIHRLVTG,2
KWCFCVCYRGICYCRCRG,2
KWCFCVCYRGICRCRCRG,2
KWCRCVCRRGICYCRCRG,2
KWCRCVCRRGICRCRCRG,2
KWCRCVCRRGICRCRCRK,2
MAGNSSNFIHKIKQIFTHR,52
FALLGDFFRKSKEKIGKEFKRIVQRIKDFFRNLVPRTES,2
FALLGDFFRKSKEKIGKEFKRIVQRIKDFFRKLVPRTES,2
FALLGDFFRKSKEKIGKEFKRIVKRIKDFFRNLVPRTES,2
KWRRWVRWI,2
KLRRWVRWI,2
KWRRWVRWL,2
KLRRWVRWL,2
KWRRWIRWL,2
KWRRWIRWW,2
KKLFKKILKFL,2
KKLFKKIKKFL,2
KKLFKKALKFL,2
KKLFKKGLKFL,2
GKLFKKILKFL,2
GKLFKKILKIL,2
KKLIKKILKIL,2
KILRGVSKKIMRTFLRRISKDILTGKK,2
GRLRNLIEKAGQNIRGKIQGIGRRIKDILKNLQPRPQV,54
GSTLACRQSHGSCSFVACRAPSVDIGTCRGGKLKCCKWAPSS,55
KKVADKVLLLKQLRIMRL,2
GKIPVKAIKQAGKVIGKGLRAINIAGTTHDVVSFFRPKKKKH,2
YGAAKKAAKAAKKAAKAA,2
YGAKAKAAKAAKAKAAKA,2
KLFKRHLKWKII,2
RRIRPRPPRLPRPRPRPLPFPRPGPRPIPRPLPFP,2
PRPPRLPRPRPRPLPFPRPGPRPIPRPLPFP,2
RRIRPRPPRLPRPRPRPLPFPRP,2
PRPPRLPRPRPRPLPFPRP,2
RRIRPRPPRLPRPRPRPL,2
RRIRPRPPRLPRPRPR,2
RRIRPRPPRLPRPRP,2
RRIRPRPPRLPRP,2
PRPLPFPRPGPRPI,2
PRPLPFPRPGPRPIPRPLPFPRPGPRPI,2
GSKGAPCAKKPCCGPLGHYKVDCSTIPDYPCCSKYGFCGSGPQYCG,24
GSKGAPCAKKPCCGPLGHYKVDCSTIPDYPCCGKYGFCGSGPQYCG,24
GSKGAPCAKKPCCGPLGHYKVDCSTIPDYPCCSKVGFCGSGPQYCG,24
GSKGAPCAKKPCCGPLGHYKVDCSTIPDYPCCSKNGFCGSGPQYCG,24
GSKGAPCAKKPCCGPLGHYKVDCSTIPDYPCCSKYGVCGSGPQYCG,24
GSKGAPCAKKPCCGPLGHYKVDCSTIPDYPCCSKYGNCGSGPQYCG,24
GSKGAPCAKKPCCGPLGHYKVDCSTIPDYPCCSKYGFCGSGPQVCG,24
SIGSALKKALPVAKKIGKIALPIAKAALP,2
SIGSALKKALPVAKKIG,2
GKIALPIAKAALPVAAGLVG,2
RIIDLLARVRRPQKPKFVTVWVR,2
RIIDLLWRVRRPQKPKFVTVAVR,2
ACPIFTKIQGTYRGKAKCK,2
ACPIFTKIQGTYRGRAKCR,2
SCLPKEEQIGKSTRGRKCRRKK,2
GWGSFFKKAAHVAKHVGKAALTHYL,2
GWGSFFKKAAHVGKHVAKAALTHYL,2
FSEAIKKIIDFLGEGLFDIIKKIAESF,2
GLFDIIKKIAESFKFSEAIKKIIDFLG,2
RRRRRRPPCEDVNGQCQPRGNPCLRLRGACPRGSRCCMPTVAAH,2
RRPPCEDVNGQCQPRGNPCLRLRGACPRGSRCCMPTVAAH,2
GIRKWFKKAAHVGKEVGKVALNACL,57
FGTGVKRKAQCDLKSK,2
GIGRIGKVHAANLIKIPKG,2
KKVIIEYVKIEA,2
VKEEVKFSKKW,2
KFKLKSLKIIEYKQ,2
KQSHKKGGHSFPKEKIS,2
KMDSRWRWKSSKK,2
MASRAARLAARLARLALRAL,58
MAARAARLAARLARLALRAL,58
GSKKPVPIIYCNRRSGKCQRM,2
GILKTIKSIASKLKRKAK,2
GILNTIKSIASKLKRKAK,2
KWKSFLKKLTSAAKKVLTTALKPISS,2
KWKSFLKTLKSPVKTVFYTALKPISS,2
KWKSFLKTFKSPVKTVFYTALKPISS,2
KWKSFLKTFKSPARTVLYTALKPISS,2
KWKSFLKTFKSPARTVLHTALKPISS,2
KFFKFFKFF,2
CVYAYVRVRGVLVRYRRCW,50
RWCVYAYVRVAGVLVRYRRCW,50
KKKKGIGKFLHSAKKFGKAFVGEIMNS,2
KKKKKKKKKKGIGKFLHSAKKFGKAFVGEIMNS,2
AAAAAAAAAAGIGKFLHSAKKFGKAFVGEIMNS,2
RRRRRRRRRRGIGKFLHSAKKFGKAFVGEIMNS,2
KKKKKKKKKKKKKKKKKKKKGIGKFLHSAKKFGKAFVGEIMNS,2
GIGKFLHSAKKFGKAFVGEIMNSKKKKKKKKKK,2
KKFLHSAKKWLKAFVKLFKNW,2
GIGKLFLHAAKKFAKAFVAEKMNS,2
KKKKKKKKKKGIGKLFLHAAKKFAKAFVAEKMNS,2
SPIHARYQRGVIPGPRWPYYRVGSGSGLKSVRNRWA,42
GFFALIPKIISSPLFKTLLSAV,2
ISSPLFKTLLSAVGSALSSSGGQE,2
GFFALIPKIIS,2
PKLLKTFLSKWIG,2
GIWKSLFTKLLKG,2
FLPLLAGLCKITRKCAANFLPKIF,2
CKLLKTFLSKWIC,2
PKLLKKFLKKWIG,2
PKLLKTFLSKWKKIG,2
PKLLKFLSKWIG,2
PKLLKTFLKWIG,2
PKLKTFLSKWIG,2
PKLLKFLKWIG,2
PKLKFLSKWIG,2
SLFGTFAKMALKGASKLIPHLLPSRQQ,2
GVFGLLAKAALKGASKLIPHLLPSRQQ,2
GLKEVAHSAKKFAKGFISGLTGS,2
GWLPTFGKILRKAMQLGPKLIQPI,2
GVWSTILGGLKKFAKGGLDAIVNPK,2
GFMSKVANFAKKFAKGGVNAIMNQK,2
GMATKAGTAFGKAAKAIIGAAL,2
FSPQMLQDIIEKKTKIL,31
FSPQMLQDIIEAATAIL,31
KLVKWIIKTVNKFTKK,2
KLPKWIIKTVNKFTKK,2
IGKLVKWIIKTVNKFTKK,2
IGKLPKWIIKTVNKFTKK,2
STIGKLVKWIIKTVNKFTKK,2
STIGKLPKWIIKTVNKFTKK,2
IISTIGKLVKWIIKTVNKFTKK,2
IISTIGKLPKWIIKTVNKFTKK,2
AQKIISTIGKLVKWIIKTVNKFTKK,2
AQKIISTIGKLPKWIIKTVNKFTKK,2
MAQKIISTIGKLVKWIIKTVNKFTKK,2
MAQKIISTIGKLPKWIIKTVNKFTKK,2
IISTIGDLVKWIIDTV,2
IISTIGKLVKWIIDTV,2
IISTIGDLVKWIIKTV,2
IISTIGKLVKWIIKTV,2
PIPRPLPFPRPGPRPIPRPLPFPRPGPRPIPRP,2
PLPFPRPGPRPIPRPLPFPRPGPRPIPRP,2
PLPFPRPGPRPIPRP,2
RRIRPRPPRLPRPRPRPLPFPRPG,2
RRIRPRPPRLPRPRPRP,2
PRPPRLPRPRPRPLPFPRPG,2
PPRLPRPRPRPLPFPRPG,2
RLPRPRPRPLPFPRPG,2
PRPRPRPLPFPRPG,2
PRPRPLPFPRPG,2
PRPLPFPRPG,2
FWGALAKGALKLIGSLFSSFSKKD,2
FWGALAKGALKLIGPGSLFSSFSKKD,2
FWGLKGLKKFSKKL,2
FWGLKGLKGPGKFSKKL,2
ARLKKCFNKVTGYCRKKCKVGERYEIGCLSGKLCCAN,2
EQLKKCWNNYVQGHCRKICRVNEVPEALCENGRYCCLNIK,2
LQKYYCRVRGGRCAVLSCLPKEEQIGKCSTRGRKCCRRKK,2
LVQRGRFGRFLRKIRRFRPKVTITIQGSARF,2
LVQRGRFGRFLRKI,2
LVQRGRFGRFLRKIR,2
LVQRGRFGRFLRKIRRFR,2
RRFRPKVTITIQGSARF,2
PKVTITIQGSARF,2
RICSRGKNCVSRPGVGSIIGRPGGGSLIGRPGGGSV,2
YVRTCMIKKEGWGKCLIDTTCAHSCKNRGYIGGDCKTCYCLVNC,24
VAPIAKYLATALAKWALKQGFAKLKS,2
MWKWFHNVLSSWQLLADKRPARDYNRK,62
MWKWFHNVLSWWWLLADKRPARDYNRK,62
MRKWFHNVLSSGQLLADKWPAWDYNWK,62
MWKEFHNVLSSGQLLADKRWARWYNRW,62
MWKWFHNVLSSGQLLADKWWAWWYNWW,62
KFRRQRPRLSHKGPMPF,5
RPRLSHKGPMPF,5
PRLSHKGPMPF,5
FKCRRWQWRMKKLGKRSKNKGFKEQAKSLLKWILD,63
WKLFKKILKVL,24
GLKKLLGKLLKKLGKLLLK,2
GGLKKLGKKLEGAGKRVFNAAEKALP,64
IAQQAANVAATARG,64
MGGLKKLGKKLEGAGKRVFNAAEKALPIAQQAANVAATARG,64
MLSLIFLHRLKSMRKRLDRKLRLWHRKNYP,2
FKCWRWQWRWKKLGA,2
KWKLFKKIFKCWRWQWRWKKLGA,2
FKCWRWQWRWKKLGAKVFKRLEKLFSKI,2
RVRRPVYIPQPRPPHPRL,2
RPVRPVYIPQPRPPHPRL,2
RGVRPVYIPQPRPPHPRL,2
RNPRPVYIPQPRPPHPRL,2
RLNRPVYIPQPRPPHPRL,2
RLPRPVYIPQPRPPHPRL,2
VVRRPVYIPQPRPPHPRL,2
GFCIPIRCPGHTRQIGTCFGPRVKSCRKW,2
RCPGHTRQIGTSFGPRVKSCRKW,2
KWKLFKKIEKVGQRVRDAVISAGPAVATVAQATALAK,2
RRRRWFWF,2
RRRRRWFWFW,2
RRRRRRWFWFWF,2
SRSELIVHQR,65
WKLLSKAQEKFGKNKSRFKCRRWQWRMKKLG,2
GNNRPVYIPQPRPHPRL,2
GNNRVYIPQPRPHPRL,2
RRSQARKCSRGNGGKIGSIRCRGGGTRLGGGSLIGR,67
RRGKPSGGSRGSKMGSKDSKGGWRGRPGSGSRPGFG,67
RPPQFTRAQWFAIQHISLNPPRSTIAMRAINNYRWRSKNQNTFLR,2
TIAMRAINNYRWRSKNQNTFLR,2
RPPQFTRAQWFAIQHISLN,2
AQWFAIQHISLNPPRSTIAMRAINNYRWRSKNQNTFLR,2
AQWFAIQHISLNPPRSTIAMRAINNYRWR,2
ISLNPPRSTIAMRAINNYRWRSKNQNTFLR,2
FFTPVLQADFQKVVAGVANALAHRYH,35
GCKKYRRFRWKFKGKFWFWG,69
GKKYRRFRWKFKFGKWFWFG,69
GRFKRFRKKFKKLFKKIS,5
KKTWWKTWWTKWSQPKKKRKV,2
KKTWWKTWWTKWSQPKK,2
KKTWWKTWWTKWSQP,2
KKTWWKTWWTKW,2
KKTWWKTWWTKWKK,2
KKPWWKPWWPKWKK,2
LRKLRKRLVRLASHLRKLRKRLL,2
LRKLRKRLLLRKLRKRLL,2
CLRKLRKRLLC,2
SHGAVSLTMCKLTSGKYPNCRYKEKRQNKSYVVACKPPQKKDSQQFHLVPVHLDRVL,2
TSGKYPNCRYKEKRQNKSYVVACKPPQKKDSQQFHLVPVHLDRVL,2
KPKGMTSSQWFKIQHMQPSPQACNSAMKNINKHTKRCKDLNTFLH,2
EPFSSVAATCQTPKIACKNGDKNCHQSHGAVSLTMCKLTSGKYPNCRYKEKR,2
WHWRIRKKLR,2
WHWTWLRIRKKLR,2
WHWTWLPKKKRKV,2
WHWTWLPRRRK,2
DDALKKLLKKLLKKL,72
DDALHHLLHHLLHHL,72
DDALRRLLRRLLRRL,72
DDALKHLLKHLLKHL,72
DDALRHLLRHLLRHL,72
LQKYYCRVRGGRCAVLS,2
LQKYYARVRGGRAAVLSALPKEEQIGKASTRGRKAARRKK,2
LQKYYWRVRGGRWAVLSWLPKEEQIGKWSTRGRKWWRRKK,2
LQKYYARVRGGRAAVLS,2
LQKYYWRVRGGRWAVLS,2
AVLSALPKEEQIGKASTRGRKAARRKK,2
AVLSWLPKEEQIGKWSTRGRKWWRRKK,2
GLKALKKVFQGIHEAIKLINNHVQ,2
GLNALKKVFKGIHEAIKLINNHVQ,2
GLNALKKVFQGIHKAIKLINNHVQ,2
GLNALKKVFQGIHEAIKLINKHVQ,2
GLNALKKVFQGIHEAIKLINNHVK,2
GLKALKKVFQGIHKAIKLINNHVQ,2
GLKALKKVFKGIHKAIKLINNHVQ,2
GLKALKKVFKGIHKAIKLINKHVQ,2
GLKALKKVFKGIHKAIKLINKHVK,2
GLNAFKKVFQGIHEAIKLINNHVQ,2
GLNALKKFFQGIHEAIKLINNHVQ,2
GLNALKKVFQGFHEAIKLINNHVQ,2
GLNALKKVFQGIHEAFKLINNHVQ,2
GLNALKKVFQGIHEAIKLFNNHVQ,2
KFFRKLKKSVKKRAKKFFKKPRVIGVSIPF,2
KFFRKLAKSVKKAAKEFFKKPRVIGVSIPF,2
SRWPSPGRPRPFPGRPKPIFRPR,2
SRWPSPGRPRPFPGRPKPIF,2
SRWPSPGRPRPFPG,2
WPSPGRPRPFPGRPKPIFRPR,2
SPGRPRPFPGRPKPIFRPR,2
GRPRPFPGRPKPIFRPR,2
PRPFPGRPKPIFRPR,2
RRRPRPPYLPRPRPPPFFPPRLPPRI,2
FCPRRYKQIGTGLPGTKCK,2
RWKRWWRRKK,2
GSKKPVPIIYCQRRTGKCQRM,2
GSKKPVPIIYCNRRTAKCQRM,2
GSKKPVPIIYCQRRSGKCQRM,2
GSKKPVPIIYCQRRTAKCQRM,2
GSKKPVPIIYCNRRSAKCQRM,2
AFHHIFRGIVHVGKTIHRLVTG,2
FAHHIFRGIVHVGKTIHRLVTG,2
FFHHIARGIVHVGKTIHRLVTG,2
KFHHIFRGIVHVGKTIHRLVTG,2
GKPRPYSPRPTPHPRL,2
GRPNPVNNKPTSHPRPIRV,2
GRPNPVNNKPTPHPRPIRV,2
KAANRIKYFQ,77
GATIRAVNSR,77
FKHHIFRGIVHVGKTIHRLVTG,2
FFHHIKRGIVHVGKTIHRLVTG,2
WFHHIFRGIVHVGKTIHRLVTG,2
FWHHIFRGIVHVGKTIHRLVTG,2
FFHHIWRGIVHVGKTIHRLVTG,2
FFHHIFRGIKHVGKTIHRLVTG,2
KFHHIFRGIKHVGKTIHRLVTG,2
FKHHIFRGIKHVGKTIHRLVTG,2
FFHHIKRGIKHVGKTIHRLVTG,2
RRWYRWWR,79
RRWYRWWRRRWYRWWR,79
RWWRWWRRWWRWWR,79
YRWWRWARRW,79
YRWWRWARRWYRWWRWARRW,79
RRRRRRRWWWRRRRRRRR,79
RRRRRRRRRRRRRRRWWW,79
RRRPRPPYLPRPRPPPFFPPRL,2
RRRPRPPYLPRPRPPPFF,2
RRRPRPPYLPRPRPP,2
PFFPPRLPPRIPPGFPPRFPPRFP,2
PRLPPRIPPGFPPRFPPRFP,2
PRIPPGFPPRFPPRFP,2
VDKPPYLPRPPPPRRIYNNR,2
VDKPPYLPRPTPPRRIYNNR,2
VDKPPYLPRPHPPRRIYNNR,2
VDKPPYLPRPKPPRRIYNNR,2
VDKPPYLPRPRPPRRIYNNR,2
VDKPPYLPRPRPPRRIYNRN,2
VDKPPYLPRPRPPRRIYNR,2
GFCWNVCVYRNGVRVCHRRCN,2
VDKPPYLPRPRPPRRIYN,2
QPEWFKARRWQWRMKKLGA,2
TISQPEWFKARRWQWRMKKLGA,2
TISQAEWFKARRWQWRMKKLGA,2
TASQAEWFKARRWQWRMKKLGA,2
EWFKARRWQWRMKKLGA,2
EWFKARRWGWRMKKLQA,2
RWRLLLLKKH,50
RWRLLLLKKR,52
RWRLLLLKKF,52
HWRLLLLKKH,50
RWRLLLLKRH,52
RWRLLLLKWH,52
RWRLLLLLRWR,52
RWRLLGLLKRH,52
RWRLLLLLKRH,52
ELDRICGYGTARRKKCR,2
ELDRIGYGTARCRKKCR,2
ELDRICGYGTARCRKKR,2
ELCDRICGYGTARCRKKCR,2
ELCCDRIGCYTARCRKKRSCCL,2
KRSQEYRIGRCPNTYACLKR,2
KESRAKKFQRQHMDSDSSPSSSSTYSNQMMRRRNMTQGRSKPVNTFVH,2
KPPQFTWAQWFETQHINMTSQQSTNAMQVINNYQRRSKNQNTFLL,2
RPPQFTRAQWFAIQHISLNPPRSTIAMRAINNYRWRSKNQNTFL,2
QDGMYQRFLRQHVHPEETGGSDRYSNLMMQRRKMTLYHSKRFNTFIH,2
QDNSRYTHFLTQHYDAKPQGRDDRYSESIMRRRGLTSPSKDINTFIH,2
WPKRLTKAHWFEIQHIQPSPLQSNRAMSGINNYTQHSKHQNTFLH,2
KPKDMTSSQWFKTQHVQPSPQASNSAMSIINKYTERSKDLNTFLH,2
GLFRALLRLLRSLWRLLLRA,42
GLRRALLRLLRSLRRLLLRA,42
SAVGRHLRRFGLRKHRKH,2
SAVGRHLRRFLLRKHRKH,2
SAVLRHLRRFLLRKHRKH,2
SKVGRHGRRFGHRAHRKL,2
SKVGRHLRRFGHRAHRKL,2
SKVGRHLRRFLHRAHRKL,2
SKVLRHLRRFLHRAHRKL,2
GLARALTRLLRQLTRQLTRA,42
KFFKKLKKAVKKGFKKFAKV,2
RCPGRTRQIGTIFGPRIKCRSW,2
LVQRFHAYLHKFREAFMNVGAAAAVEGTKAA,80
GLWSTIKQKGKE,80
SFKKFWGGVKAIFKGARKGWK,2
FFKKFWGGVKAIFKGARKGWK,2
SVKKFWGGVKAIFKGARKGLK,2
FVKKFWGGVKAIFKGARKGLK,2
GWGDTFGKVLKNFAKVAGVKAAK,2
GWGDTFLKTMAKIAKVGPKLLHS,2
RKSKEKIGKEFKRIVQRIKDF,2
LLGDFFRKSKEKIGKEFKRIVQR,2
LLGDFFRKAKEKIGKEFKRIVQR,2
LLGDFFRKVKEKIGKEFKRIVQR,2
LLGDFFRKAKEKIGKEFKRIVQRIKDFLRNLVPRTES,2
LLGDFFRKVKEKIGKEFKRIVQRIKDFLRNLVPRTES,2
KKLFKKILKYL,80
KKLFKKILKYLAGPA,80
KKLFKKILKYLKDEL,80
KKLFKKILKYLKKLFKKILKYL,80
KKLFKKILKYLAGPAKKLFKKILKYL,80
GKKLFKKILKYLAGPAKKLFKKILKYL,80
SKKLFKKILKYLAGPAKKLFKKILKYL,80
KKLFKKILKYLAGPAKKLFKKILKYLAGPA,80
KKLFKKILKYLKKLFKKILKYLKDEL,80
KKLFKKILKYLAGPAKKLFKKILKYLKDEL,80
KKLFKKILKYLAGPALYKLIKKFLKKKDEL,80
GKKLFKKILKYLAGPAKKLFKKILKYLKDEL,80
SKKLFKKILKYLAGPAKKLFKKILKYLKDEL,80
KKLFKKILKYLAGPAKKLFKKILKYLAGPAKDWEHLKDWEHLKDWEHLKDEL,80
KKLFKKILKYLKKLFKKILKYLKKLFKKILKYL,80
KKLFKKILKYLAGPAKKLFKKILKYLAGPAKKLFKKILKYL,80
KKLFKKILKYLAGPAKKLFKKILKYLAGPAKKLFKKILKYLKDEL,80
KDWEHLKDWEHLKDWEHL,80
KDWEHLKDWEHLKDWEHLKDEL,80
KKLFKKILKYLTTGLPALISW,80
KKLFKKILKYLAGPATTGLPALISW,80
GKKLFKKILKYLAGPATTGLPALISW,80
SKKLFKKILKYLAGPATTGLPALISW,80
KKLFKKILKYLTTGLPALISWKDEL,80
KKLFKKILKYLAGPATTGLPALISWKDEL,80
KKLFKKILKYLGIGAVLKVLTTGLKDEL,80
KKLFKKILKYLTTGLPALISAGPASILAPLGTTLYKLIKKFLKKKDEL,80
KKLFKKILKYLKFLHSAK,80
KKLFKKILKYLAGPAKFLHSAK,80
GKKLFKKILKYLAGPAKFLHSAK,80
SKKLFKKILKYLAGPAKFLHSAK,80
KKLFKKILKYLKFLHSAKKDEL,80
KKLFKKILKYLAGPAKFLHSAKKDEL,80
KKLFKKILKYLAGPAKFLHSAKAGPAKDWEHLKDWEHLKDWEHLKDEL,80
KKLFKKILKYLGIGKFLHSAK,80
KKLFKKILKYLAGPAGIGKFLHSAK,80
GKKLFKKILKYLAGPAGIGKFLHSAK,80
SKKLFKKILKYLAGPAGIGKFLHSAK,80
KKLFKKILKYLGIGKFLHSAKKDEL,80
KKLFKKILKYLAGPAGIGKFLHSAKKDEL,80
KKLFKKILKYLAVAVVGQATQIAKKDEL,80
KKLFKKILKYLAGPAVAVVGQATQIAKKDEL,80
AVAVVGQATQIAKKKLFKKILKYLKDEL,80
SPEEARVKILTAIPEMREEDLSEE,2
RRGWLALRLVLAY,2
SKVWRHWRRFWHRAHRKK,2
CNGRCGGKLAKLAKKLAKLAK,83
KFFARLLASVRAAVKKFRKKPRLIGLSTLL,2
AFFARLLASVRAAVKAFAKKPRLIGLSTLL,2
LKKLKGRVSRSFLFFVKLRPAKRTLKKRIL,2
YSLKKTSMKIIPFTRL,2
KKTSMKIIPFTRL,2
PPPVIKFNRPFLMWIVERDTRSILFMGKIVNPKAP,2
LQTKLKKLLGLESVF,2
PPGASPRKKPRKQ,2
VERIPLVRFKSIKKQLHERGDL,2
PCRGRSCGPRLRGGYTLIGRPVKNQNRPKYMWV,2
YWKKWKKLRRIFMLV,2
WWKRWKKLRRIFLML,2
WWKRWKRIRRIFMMV,2
WWKWWKRLRRLFLLV,2
KWKLFKGIRAVLKVL,2
GWRLIKKILRVFKGL,2
KWKLFLGILAVLKVL,2
ACPIFTKIQGTYRGKAKRIGRRIC,2
FRKSKEKIGKEFKRI,85
GRKSAKKIGKRAKRI,85
GYLEQLLR,2
LGYLEQLLR,2
YLEQLLRL,2
YLEQLLRLK,2
LGYLEQLLRL,2
LEQLLRLKKY,2
LEQLLRLK,2
HIQKEDVPSERYLGYLEQLLRLK,2
HIQKEDVPSERYLGYLEQLLRLKK,2
HIQKEDVPSERYLGYLEQLLRLKKYK,2
NENLLRFF,2
LNENLLRF,2
RPKHPIKHQGLPQEVLNENLLRFF,2
RPKHPIKHQGLPQEVLNENLLRFFVAPFPEVFGK,2
RPKHPIKHQGLPQEVLNENLLRFFVAPFPEVFGKEK,2
RPKHPIKHQGLPQEVLNENLLRFFVAPFPEVFGKEKV,2
YPELFRQF,2
IVLNPWDQVK,2
TKLTEEEKNRLNFLKKISQRYQ,2
TVYQHQKAMKPWIQPKTKVIPYVRYL,2
TKLTEEEKNRLNFLKKISQRYQKFALPQYLK,2
VPYPQRDMPIQAFL,2
GIGKALHSAKKFGKAFVGEIMNS,2
GIGKFAHSAKKFGKAFVGEIMNS,2
GIGKFLHSAKKAGKAFVGEIMNS,2
GIGKFLHSAKKFAKAFVGEIMNS,2
GIGKFLHSAKKFGKAAVGEIMNS,2
GIGKFLHSAKKFGKAFAGEIMNS,2
GIGKFLHSAKKFGKAFVAEIMNS,2
GIGKFLHSAKKFGKAFVGEAMNS,2
FFGWLIKGAIHAGKAIHGLI,86
WGIRRILKYGKRS,2
WGIRDILKYGKPS,2
WGIHRILKYGKPS,2
SKCKCSRKGPKIR,2
LQSTKRFIKWYNAWNEKRR,2
YSDVKKLEMKPKYPHCEEKMVIITTKSVSRYRGQEHCLHPK,2
RRIRPRPPRLPRPRPC,2
RRIRPRPPRLPRPC,2
RRIRPRPR,2
RRIRPRPRC,2
IRPRPPRLPRPRPRPLPYPRP,2
RRIRPRPPRLPRPRPRPLPYPRP,2
DSHAKRHHGTKRKFHEKHHSHRGT,65
FLGMLLHGVGHAIHGLIHGKQNVE,2
VAVLVLGA,52
IVSSMFVSA,52
LLLGAATG,52
KLRKLFRKLLKLIRKLLR,67
RGRKVVRRKK,77
RGRKGGRRKK,77
GTVRRFPWWWPFLRR,2
GEGFLGMLLHGVGHAIHGLIHGK,2
LLSNVAGLLKQFAK,2
LLRRVAGLLKQFAK,2
LLRRVARLLKRFAK,2
HTASDAAAAAALTAANAAAAAAASMA,2
VDRGWGNGCGLFGKGG,2
VARGWGNGCGLFGKGG,2
VARGWKRKCPLFGKGG,2
LAAKLTKAATKLTAALTKLAAALT,52
PMLRVRLASHLRKLRKRLLR,2
LRVRLASHLRKLRKRLLR,2
PGKYGFYTHVFRLKKWIQKVI,2
KRKILILIKRK,2
KRKILILILIL,2
ILILILILKRK,2
KRKILILIGSG,2
GSGILILIKRK,2
KRKSGSGSKRK,2
RIKRFWPVVIRTVVAGYNLYRAIKK,2
RIKRFWPVVIRTVVAGYNLYRAIK,2
RIKRFWPVVIRTVVAGYNLYRAI,2
RIKRFWPVVIRTVVAGYNLYRA,2
RIKRFWPVVIRTVVAGYNLYR,2
RIKRFWPVVIRTVVAGYNLY,2
RIKRFWPVVIRTVVAGYNL,2
RIKRFWPVVIRTVVAGYN,2
RIKRFWPVVIRTVVAGY,2
RIKRFWPVVIRTVVAG,2
KRKRKILILIKRK,2
RKRKILILIKRK,2
RKILILIKRK,2
KILILIKRK,2
ILILIKRK,2
VAKGLIKGVKAKGELPAKGVFKGLKESIGKRAVLKG,2
RIKRFWPVVIRTVVA,2
RIKRFWPVVIRTVV,2
RIKRFWPVVIRTV,2
RIKRFWPVVIRT,2
RIKRFWPVVIR,2
IKRFWPVVIRTVVAGYNLYRAIKKK,2
KRFWPVVIRTVVAGYNLYRAIKKK,2
RFWPVVIRTVVAGYNLYRAIKKK,2
FWPVVIRTVVAGYNLYRAIKKK,2
WPVVIRTVVAGYNLYRAIKKK,2
PVVIRTVVAGYNLYRAIKKK,2
VVIRTVVAGYNLYRAIKKK,2
VIRTVVAGYNLYRAIKKK,2
IRTVVAGYNLYRAIKKK,2
RTVVAGYNLYRAIKKK,2
TVVAGYNLYRAIKKK,2
VVAGYNLYRAIKKK,2
VAGYNLYRAIKKK,2
AGYNLYRAIKKK,2
LKAAAAAAKLAAKAAKAALKAAAAAAKL,2
STLHLVLRLRGG,85
LKGCWTKSIPPKPCF,2
CWTKSIPPKPCF,2
AALKGCWTKSIPPKPCFGF,2
GCWTKSIPPKPCF,2
LKGCWTKSIPPKPCFGK,2
ALKGCWTKSIPPKPCFGK,2
LKGCWTKSIPPKPCFG,2
LKGCWTKSIPPKPCFGF,2
LKGCWTKSIPPKPCFGG,2
CWTKSIPPKPC,2
CWTKSIPPKPG,2
WPKRLTKAHWFEIQHIQPSPLQCNRAMSGINNYTQHCKHQNTFLH,2
KRKILILIKRKRK,2
KRKILILIKRKR,2
KRKILILIKR,2
KRKILILIK,2
KRKILILI,2
GTFIKQQRKQKQQRHHTSGTRKRMAK,2
ASITHVKNRGKYIYMHLKFRKTNVLI,2
KKVWFIFHVCPKLKQRIL,2
NYISFFRKCKNSQST,2
GTKRGKLCRISRLAL,2
MKTFLRLYRSLINKVLH,2
VGRKHSILNCIPYLKKKKIMRL,2
RMKLNAKKLSFC,2
HNSSKQWSHWLWHNGIRI,2
KRKILILILIKRK,2
KRKLILIKRK,2
KRKILIKRK,2
KRKLIKRK,2
KRKGSGKRK,2
GIGKFLKKAKKGIGAVLKVLTTGL,2
GIGKALKKAKKGIGAVLKVLTTGL,2
RKRKLILILIKRKR,2
KRKLILKRILIKRK,2
RKLILKRKRILIKR,2
KLILKRKRKRILIK,2
LILKRKRKRKRILI,2
RRRIIIIIRRR,2
KKKIIIIIKKK,2
RRRLLLLLRRR,2
KKKLLLLLKKK,2
RRRVVVVVRRR,2
KKKVVVVVKKK,2
RRRFFFFFRRR,2
KKKFFFFFKKK,2
KKKIIIIIIKKK,2
AMAINNWVRVPPCDQVCSRSNPEKDECCRAHGHAFHAHCNGGMNCYRR,88
RTCENLADKYRGPCFSGCDTHCTTKENAVSGRCRGFRRRCWCTKRC,89
RTCENLADKYRGPCFSGCDTHCTTKENAVSGRCRDDFQCWCTKRC,89
GRCRDDFRCWCTKRC,89
GRCRGFRRRCFCTTHC,89
GRCRDDFRC,89
GRCRGFRRRC,89
GPCASDHNC,89
SGKLCCRRKK,2
SGKLYYRRKK,2
SGKLWWRRKK,2
SGKRWWRRKK,2
RGKRWWRRKK,2
RKKRWWRRKK,2
GRKKRRQRRRPPQ,2
AAKIILNPKFRCFAAFC,2
AVNIPFKVHLRCKAAFC,2
AVNIPFKVHLRCFAAFC,2
VHLRCKAAFC,2
LKKLLKLLKKLLKLAG,2
CKKLLKLCKKLLKLAG,2
CKKLLKLLKKLCKLAG,2
LKKLLKLCKKLCKLAG,2
GIGAVLKVLTTGLPACISWCKRKRQQ,2
RRWVAWRNR,2
RKWVAWRNR,2
RWWVAWRNR,2
RYWVAWRNR,2
RKWVKWRNR,2
RKWVYWRNR,2
FFFLRRIF,2
INLKILARLAKKIL,2
RQIKIWFQNRRMKWKK,2
KWKLFKKIFKRIVQRIKDFLRN,2
IWSFLIKAATKLLGVGSLFGGGKKDS,90
IWSFLIKAATKLLPSLFGG,90
VLSAADKNNVKGIFTKIAGHAEEYGAETLERMFTTYPPTKTY,2
MLTAEDKKLIQQAWEKAASHQEEFGAEALTRMFTTYPQTKTY,2
FIFHIIKGLFHAGKMIHGLVT,2
FFFHIIKGLFHAGRMIHGLVNRRRHRH,2
KWLRRPWRRWR,2
KWLRWVRRRWW,2
KWLRRVWRWWR,2
GIFPIFAKLLGKVIKVASSLISKGRTK,31
LVVAVTDGEADAAVEGLHDNTDFIHYGSHGKYPDNRPHGYPLD,24
FEVLPNFKHIQVKVFNHGEHIHHH,24
KKSLLAKAKNFGGKVITIFKA,95
WWWLSRIW,2
WWWLKRIW,2
WWWLRKIW,2
WWWLKKIW,2
WWWLRRIW,2
ATYRTGRATRESLSGVEISGRLYRLR,2
GKYGFYTHVFRLKKWIQKVIDQFGE,2
KKYRYHLKPFSKK,2
KKYRYHLKPFCKK,2
LGGDNYGTFSGSNGNNFQHGSN,96
PHVALKPGKLKFIIPSPKRPVKLLSGGNTLHLVSTTKT,2
PHVALKPGKLKFIIPSPKRPVKLLSG,2
SAVWRHWRRFWLRKHRKH,2
SAVWRWRRFWLRKRK,2
SAVWRRWRRFWLRKRRKR,2
RRWQWRLCYCRRRFCVCVG,2
KWKLFKKIRGGRLCYCRRRFCVCV,2
KKSAGWVIPIGTLVK,2
KKSCHTGLKKSAGWVIPIGTLVKNGIIVR,2
KKSCHTGLDRSAGWVIPIGTLVKKAILPWDRK,2
SRSEKAGLQFPVGRIGRMLKK,50
KCRQWQSKIRRTNPIFCIRR,2
KARQWQSKIRRTNPIFAIRR,2
KARQWQWKIRRTWPIFAIRR,2
KSRQWQWKIRRTWPIFSIRR,2
KWRQWQSKWRRTNPWFWIRR,2
RWQWRWQWR,2
FKCRRWQWRMKKLGAPS,2
FKAFRWAWRMKKLAAPS,2
FKAWRWAWRMKKLAAPS,2
FKAFRWAWRWKKLAAPS,2
FKCWRWQWRWKKLGAPS,2
RWKIFKKIERVGQNVRDGIIKAGKAIQVLGTAKALGK,97
FFFHIVKGLFHAGRMIHGLV,2
IFGLLLHGAIHVGKLIHGLVRRH,2
FFRHIKSFWKGAKAIFRGARQG,2
GLNALKKVFQGIHEAIKKINNHVQ,2
GLNALKKVFQGIHKAIKKINNHVQ,2
GLNALKKVFQPIHEAIKLINNHVQ,2
GLNALKKVFQPIHEAIKKINNHVQ,2
GLNALKKVFQPIHKAIKKINNHVQ,2
FKKFFKKLKNSVKKRAKKFFKKPRVIGVSIPF,2
KRFKKFFKKLKNSVKKRAKKFFKK,2
KRFKKFFKKLKKFVKKGFKKFAKV,2
FKKFFKKLKNSVKKR,2
AKKFFKKPRVIGVSIPF,2
ENFFKRIRRAGKRIRDAIISAAPAVETLAQAQKIIKGGD,2
RNFFKRIRRAGKRIRKAIISAAPAVETLAQAQKIIKGGD,2
DLIWKLLSKAQEKFGKNKSK,99
DLIWRLLSRAQERFGKNRSR,99
FKCKKWQWKMKKLG,99
FRCRRWQWRMRRLG,99
FFGWLIKPAIHAGKAIHGLIHRRRH,2
FFGWLIKGAIHAPKAIHGLIHRRRH,2
FFGWLIKGAIHAGKAIHPLIHRRRH,2
FFGWLIKGAIHAPKAIHPLIHRRRH,2
NLLNKALGTVNGLLGRS,2
GLPVCGETCTLGTCSTQGCTCSWPICKRN,2
FKARRWQWRMKK,2
FKARRWQWRM,2
FKARLWQWRM,2
FKALLWQWRM,2
GCRRLCYKQRCVTYCRGR,2
GCRRLCWKQRCVTYCRGR,2
GCRRLCYKQRCVTWCRGR,2
GCRRLCYRQRCVTYCRGR,2
GCRRLCWRQRCVTWCRGR,2
GCRALCYKQRCVTYCRGA,2
KCRRLCYRQRCVTYCRGR,2
GCRRWCYKQRCVTYCRGR,2
KCRRYCYRQRCVTYCRGR,2
VTADVLSFEAKGIAVNHSACALHCIALRKKGGSAQNGVCVCRN,2
VTCDVLSFEAKGIAVNHSAAALHCIALRKKGGSCQNGVAVCRN,2
VTCDVLSFEAKGIAVNHSACALHAIALRKKGGSCQNGVCVARN,2
RECKTESHRFKGPCITKPPCRKACISEKFTDGHCSKILRRCLCTKPC,24
RTCESQSNTFPGICITKPPCRKACISEKFTDGHCSKILRRCLCTKPC,24
RECKTESNTFPGICITKPPCRKACLTEGFTDGHCSKILRRCLCTKPC,24
RECKTESNTFPGICITKPPCRKACISEKFSGGDCSKILRRCLCTKPC,24
RECKTESNTFPGICITKPPCRKACISEKFTDGHCRGFRRRCLCTKPC,24
RECKTESNTFPGICITKPPCRKACISEKFTDGHCSKILRRCFCTRPC,24
GIHHILKYGKPS,2
KIKWILKYWKWS,2
RIRWILRYWRWS,2
RRRRRFRRVIRRIRLPKYLTINTE,2
RRRRRYRYWRRGLTIQGRPKSLPLNTGD,2
WGRRWRIRIPRLPRPWPPRPKWPRSATINTDQ,2
WPRFPKPRKPTYPGPTYPGPTWPRPTWRRSATIDTEH,2
RKLPDAPGMHTWGGGGINTLQKYYCRVRG,102
RKLPDAPGMHTWGGGGRCAVLSCLPKEQI,102
RKLPDAPGMHTWGGGGKCSTRGRKCCRRKK,102
SFGVTIGIGPAGSPLLVGVGVSHSQD,2
CFGGSLGIQYEDKINVGGGLSGDHC,2
VDNANDLLSKVKKDKSD,2
TSFLNELNKYNEKKFI,2
VIDKAKMESLGITSRDTT,2
KKFGGGKTERARKAMAVE,2
EFELDRICCGYGTARCRKKRSQEYRIGRCPNTYACCLRK,2
EFELDRISSGYGTARCRKKRSQEYRIGRSPNTYASCLRK,2
ELDRISSGYGTARCRKKRSQEYRIGRSPNTYASCLRK,2
RWRWNRRTGRWRWY,2
GSKRWRKFEKRVKKIFEETKEALPVVQGVVAVATAVGRR,2
GSKRWRKFEKKVKKALEDAKEKLQEERVQKIVEHTKEALPVIKAVATVVGVVGRR,2
GSKRWRKFEKRVKKVFEHTKEALPVIQGVATVVGAVGRR,2
KWICRRLWYRGRWITYCRWR,2
KWWCFRVCYRGICYRRCRWK,2
KWWVFRVVYRGIVYRRVRWK,2
KQKLAKLKAKLQKLKQKLAKL,2
QIAALEQEIAALEQEIAALQ,2
RRGYGLKLALAKDGWALMLRLGFGRR,2
RRGFSLKLALAKDGWALMLRLGYGRR,2
RRGAGLGLALAKDGWALMLKLGFGRR,2
RRGGGLELALAKDGWALMLDLGAGRR,2
GRPNPVPNPKPPHPRL,2
GRPNPVPNPRPPHPRL,2
GNNRPVYIPQPKPPHPRL,2
GKPKPYSPRPTSHPRPIRV,2
GKPRPYSPKPTSHPRPIRV,2
GKPRPYSPRPTSHPKPIRV,2
GKPRPYSPRPSSHPRPIRV,2
GKPRPYPPRPPPHPRPIRV,2
RLVRILVSKRPVAIKPYFRL,2
TTSIRRRYQVSLIRRHRGKR,2
TCRTNRPCFYDLDLNVCRCS,2
SNGDGTLDAGSTCAPFYARA,2
YYNPLPHDCGRDNNTDICSR,2
LSVDKRPVLHPEHIYGHNHY,2
IHRDQQHESFLDARPEPGLTE,2
TIDFGVRNINQSNLVYDTER,2
PCNPDHDYRPFGNFRIAFTT,2
TRDTNDLISSRTAAPSMV,2
LPLPSCSSHGGDADNTSQRN,2
PNDPDSPCVYRMPNARGCSI,2
YDLSDSNCLPANRDKRYYVI,2
SMLAYVDKNDHINPPHSPRS,2
DATPHAALFFTVKDHTAGDN,2
SDDAQRCYPHNRTPFTYTYI,2
EPCSPKNNYHDLFYRT,2
CNPLNGADRRTDSFPRFTVI,2
PDRAIDTYRTSPVADQRYNA,2
KEFKRIVKRIKKFLRKLV,85
KLIPIASKTCPAGKNLCYKI,2
KLIPILSKTIPAIKNLFYKI,2
KLIWILSKTIPAIKNLFYKI,2
KLIFILSKTIPAIKNLFYKI,2
KLILILSKTIPAIKNLFYKI,2
DRVFKFACRRNKAAR,2
NGKTWKKNRKACQVK,2
RNSVRNRVMLWRTKR,2
KAKRRARNLNQKKRK,2
GIWTCRKKRA,2
KKAKRRLLKK,2
RQIKKAFRKMA,2
KVKYFKRWLR,2
AKRRLLKKMK,2
RLKKHLKKIK,2
AWKKTIRQYLKNKIKKKGRKAVIAW,2
AGKKTIRQYLKNKIKKKWRKAVIAW,2
AGKKTIRQYLKNKIKKKGRKWVIAW,2
AWKKTIRQYLKNEIKKKWRKAVIAW,2
AWKETIRQYLKNKIKKKWRKAVIAW,2
AWKKTIRQYLKNKIKKKWRKAVIAW,2
AWKEKIRQYLKNEIKKKWRKAVIAW,2
AWKETIRKYLKNEIKKKWRKAVIAW,2
AWKEKIRKKLKNEIKKKWRKAVIAW,2
LSLIAAAGKETIRQYLKNEIKKKGRKAVIAW,80
GPHSANHVRGLARVGNANPGLYLAKYAFIPVILAAKPLSPTPTKT,2
GPRSSNHKRGLSRVGNSNPGKYLAKYSFRPVILSSKPLSPTPTKT,2
GPRSANHKRGLARVGNANPGKYLAKYSFRPVILSSKPLSPTPTKT,2
GPHSCNHQRGLCRVGNCNPGYYLAKYCFSPVILCCKPLSPTPTKT,2
RRIRFRPPYLPRPGRRPRFPPPFPIPRIPRIP,2
RRIRFRPPYLPRPGRR,2
PYLPRPGRRPRFPPPFP,2
RPRFPPPFPIPRIPRIP,2
RRIPFWPPNWPGPWLPPWSPPDFRIPRILRKR,2
IKYLLVKLQGASQKTITLMLRRNNLYVMGYS,2
IKYLLVKLQGASQKTITLMLRRN,2
AFTHRRSYSTEYRYGTTVRGIRHRFL,2
ELDRIGYGTARRKKR,2
GIGRFLHSARRFGRAFVGEIMNS,2
GLPVCGECFGGTCNTPGCSCDPWPMCSRN,16
CRWRWKCCKK,2
SRWRWKSSKK,2
MDVFMKGLSKAKEGVVAAAEKTKQGVAEAAGKTKEGVLYVGSKTKEGVVHGVATVAEKTK,2
KKDQLGKNEEGAPQEGILEDMPVDPDNEAYEMPSEEGYQDYEPEA,2
ASEELLLRFQATSSGPILREEFE,2
EQEENVVKIQAFWKGYKQRKEYM,2
DNTDSVVKIQSWFRMATARKSYL,2
DHNNEIVKIQSLLRANKARDDYK,2
ANVGFVIQLQARLRGFLVRQKFA,2
TWLPAVIKIQAHWRGYRQRKIYL,2
ANLDAIIKIQAWARMWAARRQYL,2
KNVNSIVKIQAFFRARKAQDDYR,2
GRFRRLGRKFKKLFKKYGP,2
GLLRRLRKKIGEIFKKYG,2
RGGRLCYCRRRFCVCVGR,2
RGGCLCYCRRRFCVCVCR,2
FKCRRWQWRMK,2
FKARRWAWRMK,2
YKARRWAWRMK,2
YKARRWAWRWK,2
YKAWRWAWRWK,2
SKFFRKARKKLGKGLQKIKNVLRKY,2
KWKIFKKIEKVGRNIRNGIIKAVAVLGEAKAL,2
LEYWGKCTKAENRCKYKNDKGKDVLQNCPKFDNKKCTKDGNSCKWDSASKALTCY,106
LLGDFFRKSKEKIGKEFKRIVQRIKDFLRNLVPRTESDYKDDDDKTKKTLRT,2
LLGDFFRKSKEKIGKEFKRIVQRIKDFLRNLVPRTESDYKDDDDKCQDSERTFY,2
KKKKPLFGL,107
AWCFRVCYRGICYRRCR,2
KACFRVCYRGICYRRCR,2
KWAFRVCYRGICYRRSR,2
KWCARVCYRGICYRRCR,2
KWCFAVCYRGICYRRCR,2
KWCFRACYRGICYRRCR,2
KWCFRVAYRGISYRRCR,2
KWCFRVCARGICYRRCR,2
KWCFRVCYAGICYRRCR,2
KWCFRVCYRAICYRRCR,2
KWCFRVCYRGACYRRCR,2
KWCFRVSYRGIAYRRCR,2
KWCFRVCYRGICARRCR,2
KWCFRVCYRGICYARCR,2
KWCFRVCYRGICYRACR,2
KWSFRVCYRGICYRRAR,2
KWCFRVCYRGICYRRCA,2
KWAFRVCYRGICYRRAR,2
KWCFRVAYRGIAYRRCR,2
KWAFRVAYRGIAYRRAR,2
KWCFRRCYAGICYRRCR,2
RWCFRVCYRGICYRRCR,2
KWCGRVCYRGICYRRCR,2
KWCSRVCYRGICYRRCR,2
KWCFRVCGRGICYRRCR,2
KWCFRVCYRGGCYRRCR,2
KWCARVCARGACYRRCR,2
KWCFVCYRGICYRRCG,2
AWCARVCYRGICYRRCR,2
AWCFRVCARGICYRRCR,2
AWCFRVCYRGACYRRCR,2
KWCFRVCYAGICYRRCA,2
GLRKRPRKFRNKIKEKLKKIGQKIQGLLPKLAPRTDY,2
GLRKRLRKFRNKDKEKLKKIGQKIQGLLPKLAPRTDY,2
GLRKRLRKFRNKPKEKLKKIGQKIQGLLPKLAPRTDY,2
GLRKRLRKFRNKRKEKLKKIGQKIQGLLPKLAPRTDY,2
GLRKRLRKFRNKFKEKLKKIGQKIQGLLPKLAPRTDY,2
GLRKRLRKFRNKHKEKLKKIGQKIQGLLPKLAPRTDY,2
GLRKRLRKFRNKMKEKLKKIGQKIQGLLPKLAPRTDY,2
GLRKRLRKFRNKIKECLKKIGQKIQGLLPKLAPRTDY,2
GLRKRLRKFRNKIKEDLKKIGQKIQGLLPKLAPRTDY,2
GLRKRLRKFRNKIKEKDKKIGQKIQGLLPKLAPRTDY,2
GLRKRLRKFRNKIKEKKKKIGQKIQGLLPKLAPRTDY,2
GLRKRLRKFRNKIKEKPKKIGQKIQGLLPKLAPRTDY,2
GLRKRLRKFRNKIKEKLPKIGQKIQGLLPKLAPRTDY,2
GLRKRLRKFRNKIKEKLKKEGQKIQGLLPKLAPRTDY,2
GLRKRLRKFRNKIKEKLKKNGQKIQGLLPKLAPRTDY,2
GLRKRLRKFRNKIKEKLKKIGQKDQGLLPKLAPRTDY,2
GLRKRLRKFRNKIKEKLKKIGQKGQGLLPKLAPRTDY,2
GLRKRLRKFRNKIKEKLKKIGQKNQGLLPKLAPRTDY,2
GLRKRLRKFRNKIKEKLKKIGQKIQTLLPKLAPRTDY,2
GLRKRLRKFRNKIKEKLKKIGQKIQGPLPKLAPRTDY,2
GFGLGGLARILCLGNRQWSNFFKKLNRKCAMVKK,2
GFALAGLARILCLWFREFSGFFRRLNRRFAMRRR,2
GAALAGLAKILCLWAKEFTGAFKKLNKKFAMKKK,2
GGLRSLGRKILRAWKKYG,2
IGLRGLGRKIALIHKKYG,2
LRLKKYKVPQL,2
AKKPFVQRVKNAASKAYNKLKGLAMQSQYG,2
QSQYGCPIISNMCEDHCRRKKMEGQCDLLDCVCS,2
PKILNKILGKILRLAAAFK,2
LKKLLKLLKLLKL,2
KGVSGHGQHGVHG,79
RGVSGHGQHGVHG,79
AGVSGHGQHGVHG,79
VQWLEQQVAKRRTKR,2
QREPQVQWLEQQVAKRRTKR,2
RHSRLQREPQVQWLEQQVAKRRTKR,2
SPHRPRHSRLQREPQVQWLEQQVAKRRTKR,2
TKRSLSPHRPRHSRLQREPQVQWLEQQVAKRRTKR,2
QKVFTNTWAVRIPGGPAVANSVARKHGFLNLQGIF,2
RKHGFLNLQGIFGDYYHFWHRGV,2
YYHFWHRGVTKRSLSPH,2
YYHFWHRGVTKRSL,2
YYHFWHRGVTKR,2
GNFLRNGGSYYIVPAFRG,2
RKYVRFLHRWVKYFRAYL,2
KWKLFKKIHKVGQNIRKGIIKAGPAVAVVGQAAQIAK,2
TSVRQRWRWRQRVRTS,2
KRSKRKRRIHQRVRIS,2
TLSKEKERIVQRVRTS,2
VLLVTLTRLHQRGVIYRKWRHFSGRKYR,2
HARIKPTFRRLKWKYKGKFW,31
PMPVSQECFETLRGHERILSILRHQNLLKELQDLALQGAKERAHQQ,114
ERILSILRHQNLLKE,114
LQDLALQGAKERAHQQ,114
RRRPRPPYLPRPRPPPFFPPRLPPRIPPGFPPRFP,2
ALQGAKERAHQQ,114
GAKERAHQ,114
ACFLTRLGTYVC,2
DKERPICSNTFRGRKC,2
RCFRRRGKLTC,2
KKLIKVWAKGFKKAKKLFKGIG,2
NNNPRPPYLPRPRPP,2
KKKPRPPYLPRPRPP,2
RRRPRPPYLPPRRPP,2
RRRPRPPYWPRPRPP,2
RRRPRPPYLRPRPPP,2
RRRPRPPYLNRPRPP,2
RVKRFKKFFRKIKKGFRKIFKKTKIFIG,2
HRVKRNGFRKFMRRLKKFFAGG,2
TRSRWRRFIRGAGRFARRYGWRIA,2
LVQIGTKIVGVGRNYAAH,2
INIINAPLQGFKIA,2
GACHRQGFGFACFCYKKC,24
GSCNYVFPAHKCICYFP,24
GDCKGIRRRCMCSKPL,24
SFIKRSLKLIKSLVLIK,2
GFAWNVCVYRNGVRVCHRRAN,2
QSVACTSYYCSKFCGSAG,2
YCSKFCGSAGCSLYGCYLLH,2
CSLYGCYLLHPGKICYCLHCSR,2
CSLYGSYLLHPGKISYSLHCSR,2
GCYLLHPGKICY,2
PGKICYCLHCSR,2
DKPKKKPPPPAGPPPPPPPPPG,2
DKPKKKPPPPAGP,2
KLLKHKLLVTLA,2
FKLLSHSLLVTLASHLP,116
GLPLLISWIKRKRQQAGPGSKKPVPIIYCNRRTGKCQRM,2
RFRPPIRRPPIRPPFYPPFRPPIRP,2
GGGGLRKRLRKFRNKIKEKLKKIGQKIQGLLPKLA,2
GGGGLRKRLRKFRNKCKEKLKKCGQKIQGLLPKLA,2
GGGRGLRRLGRKIAHGVKKYGPTVLRIIRIAG,2
GGGCGLRRLGCKIAHGVKKYGPTVLRIIRIAG,2
GGGGRFKRFRKKFKKLFKKLSPVIPLLHLG,2
GGGGRFKRFRKKCKKLFKKCSPVIPLLHLG,2
GGGGKKCKKLFKKCSPVIPLLHLG,2
EVSLNSGYY,2
RFRPPIRRPPIRPPFYPPFRPPI,2
RFRPPIRRPPIRPPFYPPFRP,2
RFRPPIRRPPIRPPFYPPF,2
RFRPPIRRPPIRPPFYP,2
RFRPPIRRPPIRPPF,2
RPPIRRPPIRPPFYPPFRPPIRP,2
PIRRPPIRPPFYPPFRPPIRP,2
KKWRWWLKALAKK,2
KKWRKWLKALAKK,2
KKWRAWLKWLAKK,2
KKWRKWLKWLAKK,2
WFGKLYRGKTKVVKKVKGLLKG,2
FIFHIIRFFNFRVFRI,52
SLSGCWTKSFPRKPCLRNR,2
NPSNLRALEELVKEECSEIPVERCKKLIYGYRK,2
GGVGKIIEYFIGGGVGYYG,2
SNCWARCPGYPNGDSLCCRQYGACCSTSYPVPYKG,2
QLGKKKHRRRPSKKKRHW,2
QLGRRRHRRRPSRRRRHW,118
RQIKIWFQNRRWGGQLGKKKHRRRPSKKKRHW,2
RQIKIWFQNRRWGGQLGRRRHRRRPSRRRRHW,2
AAVALLPAVLLALLAPMPFSTGKRIMLGE,62
AAVALLPAVLLALLAPQLGKKKHRRRPSKKKRHW,62
LTVSPWYGCGQLGKKKHRRRPSKKKRHW,118
LTVSPWYGCGQLGRRRHRRRPSRRRRHW,118
MPFSTGKRIMLGE,118
LTVSPWYGCGMPFSTGKRIMLGE,118
LTVSPWYGCGKLAKLAKKLAKLAK,119
AAVALLPAVLLALLAPQLGRRRHRRRPSRRRRHW,120
AAVALLPAVLLALLAPQLGKKILAARPSKKKRHW,120
AFCWNVCVYRNAVRVCHRRCN,2
GFCKAVCVYRNGVRVCHRRCN,2
WGFCWNVCVYRNGVRVCHRRCN,2
GFWNVVYRNGVRVHRRN,2
GFCWNVAVYRNGVRVAHRRCN,2
GFAWNVAVYRNGVRVAHRRAN,2
HWRRFWHR,2
RWRRFWRR,2
KKLLPIVKNLLKSLL,2
MKKLFAALALAAVVAPVW,2
PMKKKLAARILAKIVAPVW,2
PMKKLFAAKILARVVAKIW,2
KKINNTILSGLDSVASFS,2
PKKINKLLLRILDKIASFS,2
PKKINNTILKLLDRVASKI,2
MARNKPLGKKLRLAAAFK,2
PMKLLKRLGKKIRLAAAFK,2
PMARNKILGKILRKIAAFK,2
MNAINFTCTVHKKVAISV,2
PKLAIRITCKIHKKVAISV,2
PMNAIKLLCRVHKKIAISV,2
NRESQFYQSRRKKLSSQV,2
PNRESQFYKILRKILSKIV,2
PNRESQFYQKLLKKLSSKI,2
MSAEVVVKKVDGDALELG,2
PMKLLVRVKKKIGDALELG,2
LPKPPKPVSKMRMATPLLMQALPM,2
VNFKLLSHSLLVTLASHL,2
KLLSHSLLVTLA,2
KLLRHRLLVTLA,2
VRFKLLSHSLLVTLASHL,2
RRFKLLSHSLLVTLASHL,2
KETWWETWWTEWSQPKKKRKV,2
GLRKRDRKFRNKIKEKLKKIGQKIQGLLPKLAPRTDY,32
GLRKRRRKFRNKIKEKLKKIGQKIQGLLPKLAPRTDY,32
GLRKRLRKFRNKNKEKLKKIGQKIQGLLPKLAPRTDY,32
GLRKRLRKFRNKQKEKLKKIGQKIQGLLPKLAPRTDY,32
GLRKRLRKFRNKSKEKLKKIGQKIQGLLPKLAPRTDY,32
GLRKRLRKFRNKIKEFLKKIGQKIQGLLPKLAPRTDY,32
GLRKRLRKFRNKIKEILKKIGQKIQGLLPKLAPRTDY,32
GLRKRLRKFRNKIKELLKKIGQKIQGLLPKLAPRTDY,32
GLRKRLRKFRNKIKEMLKKIGQKIQGLLPKLAPRTDY,32
GLRKRLRKFRNKIKEYLKKIGQKIQGLLPKLAPRTDY,32
GLRKRLRKFRNKIKEKCKKIGQKIQGLLPKLAPRTDY,32
GLRKRLRKFRNKIKEKHKKIGQKIQGLLPKLAPRTDY,32
GLRKRLRKFRNKIKEKLKKHGQKIQGLLPKLAPRTDY,32
GLRKRLRKFRNKIKEKLKKQGQKIQGLLPKLAPRTDY,32
GLRKRLRKFRNKIKEKLKKRGQKIQGLLPKLAPRTDY,32
GLRKRLRKFRNKIKEKLKKICQKIQGLLPKLAPRTDY,32
GLRKRLRKFRNKIKEKLKKIIQKIQGLLPKLAPRTDY,32
GLRKRLRKFRNKIKEKLKKILQKIQGLLPKLAPRTDY,32
GLRKRLRKFRNKIKEKLKKIGQKCQGLLPKLAPRTDY,32
GLRKRLRKFRNKIKEKLKKIGQKEQGLLPKLAPRTDY,32
GLRKRLRKFRNKIKEKLKKIGQKHQGLLPKLAPRTDY,32
GLRKRLRKFRNKIKEKLKKIGQKSQGLLPKLAPRTDY,32
GLRKRLRKFRNKIKEKLKKIGQKIQGLLPKCAPRTDY,32
GLRKRLRKFRNKIKEKLKKIGQKIQGLLPKLAPRHDY,32
GLRKRLRKFRNKIKEKLKKIGQKIQGLLPKLAPRTDD,32
KLCKIVVIKVCK,2
RLCRIWWIRWCR,2
RFRPPIRRPPIRPPFRPPFRPPVRP,2
RFRPPIRRPPIRPPFNPPFRPPVRP,2
RFRPPIRRPPIRPPFYPPFRPPIRPPIFPPI,2
YLARAIRRTLARLLL,2
SWKKFFKKARSLPKLF,2
CGIYRSLKLIKSLVLIK,2
CALKLTKAKRLVRKIGF,2
EWRVARRAVQRLRHLARRYH,2
ALKKMLRLAKRLS,2
VLSAFHKVIKIIHHISHF,2
RKFRKILHRARKWI,2
RRWGRWHRMRRRGR,2
FWKGLVKAAFKIVHAGS,2
GWKAIHKAAKGIHTYVN,2
YKRWKKWRSKAKKIL,2
KWKCLAKVGIAAH,2
KRSWDIVKKYVGVVVGTIH,2
AGEKRIIKKIDEAFQ,2
AIARTRRRLLLYLLA,2
AAARLRLLLYLITRR,2
RKLAFKPLKKFFSWKS,2
SKFLSKKPKKLFWFRA,2
FAVAVKAVAVKAVAVKAVKKAVKKVKKAVKKAVKKKK,123
FLAAARIAKRVAKKARKLAKRAARKRK,123
FRFKIKFRLKFRFKARFKFRAKFRA,123
KRKRAVKRVGRRLKKLARKIARLGVAKLAGLRAVKLF,123
FAVGLRAIKRALKKLRRGVRKVAKDL,123
GAKKGAKKGKKGAKKGAKGAGAKGAGAFKKKK,123
KKKKFVKKVAKKVKKVAKKVAKVAVAV,123
FLFAFRIFKRVFKKFRKLFKRAF,123
KRKRAVKRVGRRLKKKLARKIARLGVAF,123
KRKRFAKKFLRFLRKVIRFLKRFIRRF,123
FAIAIKAIKKAIKKIKKAIKKAI,123
FKVKAKVKAKVKAKVKAKKKK,123
AVKRVGRRLKKLARKIARLGVAF,123
AMAYLAKDNLGEKITEVITILLNRLTDRLEKYAG,2
MDKYIRKEDLGMKMLDVAKILGRRIEKRMEYIAKK,2
IDTYSRKDDLDKKLLEVAKIIGRRLEKRHEYLAMK,2
IRKYLEEDNLGEKLAAVVSIYVKRLNKRLDMR,2
VRLPPPVRLPPPVRLPPP,2
GWTLNSAGYLLGKINLKALAALAKKIL,2
RWCRRYRVRVRGVLVYAYVCW,2
RRWCVYAYVRVRGVRVYAYVCW,2
WCRRYRVLVRGVLVRYRRCW,2
RFCVYAYVRVRGVLVRYRRCF,2
RWCVYAYVRVRGVLVRYRRCW,2
CKGKGAKCSRLMYDCCTGSCRSGKCGS,2
AKGKGAKASRLMYDAATGSARSGKAGS,2
GNNKPVYKPQPRPPHPRL,2
GNNKPVYRPQPRPPHPRL,2
GNNKPVYIPQPRPPRPRL,2
GNNRPVYKPQPRPPRPRL,2
GNNRPVYRPQPRPPRPRL,2
GNNKPVYKPQPRPPRPRL,2
GNNKPVYRPQPRPPRPRL,2
VDKGSYKPRPTPPKPIYNRN,2
VDKGSYRPRPTPPKPIYNRN,2
RRIKKRPPRLPRPRPR,2
RRIKPRPPRLPRPRPK,2
RRIRKRPPRLPRPRPK,2
RRIKKRPPRLPRPRPK,2
GNNKPVYIPQPRPPHPRL,2
GNNRPVYKPQPRPPHPRL,2
GNNRPVYRPQPRPPHPRL,2
GNNRPVYIPQPRPPRPRL,2
VDKGSYKPRPTPPRPIYNRN,2
VDKGSYRPRPTPPRPIYNRN,2
VDKGSYLPRPTPPKPIYNRN,2
KRIRPRPPRLPRPRPR,2
RKIRPRPPRLPRPRPR,2
RRKRPRPPRLPRPRPR,2
RRRRPRPPRLPRPRPR,2
RRIKPRPPRLPRPRPR,2
RRIRKRPPRLPRPRPR,2
RRIRPRKPRLPRPRPR,2
RRIRPRRPRLPRPRPR,2
RRIRPRPPRLPRPRPK,2
SFLTTVKKLVTNLAALAGTVIDTIKCKVTGGC,2
EVAKKLLASALKLALAI,2
EDWNHLGAAVHTLKHVYK,2
AIVEQLRKRC,2
KLSASLKHVAHRARHLS,2
ESRAGKLAAKAAFKAAKR,2
EWAAARQVIIHATRKY,2
EILSKALSALSPLAN,2
EKAILSALKLLRLAL,2
ETAKGVAKHLPPAIA,2
KVYARLHAVIKRLHRRLH,2
ATCYCRTGRCATRESLSGVCEISGRLYRLCCR,2
ATCYCRTGRCATRESLSAVCEISGRLYRLCCR,2
ATCYCATGRCATRESLSGVCEISGRLYRLCCR,2
ATAYARTGRAATRESLSGVAEISGRLYRLAAR,2
ATCYCKTGKCATKESLSGVCEISGKLYKLCCK,2
ATCYCRRGRCATRESLSGVCEISGRLYRLCCR,2
ATCYCRTGRCATRESLSGVCRISGRLYRLCCR,2
ATCYCRTGRCATRESLSGVCEIRGRLYRLCCR,2
ATCYCRTGRCATRESLSGVCEISRRLYRLCCR,2
ATCYCRRGRCATRESLSGVCRISGRLYRLCCR,2
IKIVAPKKIKL,2
WKKLVPYKIHAGI,2
FRIMRILRVLKL,2
WKIFKLKLRMLW,2
LRWLGTKVGILK,2
KFKKVIWKSFL,2
LIVLTCRKKKKPF,2
RPILIRVRRIRVI,2
RWRLVCFLCRRKKV,2
GFIVKRFKILV,2
CLIMKVRRKK,2
ISRACLIMKVRRKK,2
KWKSFIKKLTSVLKKVVTTALPALIS,2
KWKSFIKNLTKVLKKVVTTALPALIS,2
KWKLFKKKGTGAVLTVLTTGLPALIS,2
KKWWRRVLSGLKTAGPAIQSVLNK,2
KKWWRRALQGLKTAGPAIQSVLNK,2
KKSFFKKLTSVASSVLS,2
KWKSFIKNLEKVLKPGGLLSNIVTSL,2
KWKSFIKNLEKVLKKGPILANLVSIV,2
KWKEFIKKLTTAVKKVLTTGLPALIS,2
KWKKFIKELQKVLAPGGLLSNIVTSL,2
LRRLLRWLRRLLRR,2
LRRAARWARRLLRR,2
LRRPPRWPRRLLRR,2
RVKRVWYLVIRTVIAGYNLPRAIKKK,2
KWCFRVCYRGICYRRCRG,2
RWCFRVCYRGICYRKCRG,2
KWCFRVCYRGICYRKCRG,2
RVKRVWPLVIRTVIAGYNL,2
KRVWPLVIRTVIAGYNLYR,2
VWPLVIRTVIAGYNLYRAI,2
NLCASLRARHTIPQCRKFGRR,2
NLSASLRARHTIPQSRKFGRR,2
NLASLRARHTIPQRKFGRR,2
FLPAIAGLAAKFLPKIFCAITKKC,2
FLPAIAGVAAKFLPKIFCAITKKC,2
KKLRLKIAFK,2
FLGALWKALSKLL,2
FLGALWHALSKLL,2
FLGALWKALSHLL,2
KPCTKLSKGWRGLCAPHKCSSYCIHHEGAYHGRCRGFRRRCYCYYRHCY,24
KPCTKLSKGWRGLCAPHKCSSYCIHHEGAYHGACHVRNGKHMCYCYYRHCY,24
KPCTKLSKGWRGLCAPHKCSSYCIHHEGAYHGACAAARHSKHYGCYCYYRHCY,24
KPCTKLSKGWRGLCAPHKCSSYCIHHEGAYHGACLKNAAAKHYGCYCYYRHCY,24
KPCTKLSKGWRGLCAPHKCSSYCIHHEGAYHGACLKNRHSAAAACYCYYRHCY,24
HTLCMDGGATY,125
HTLCMGKATY,125
HTLCMDKKATY,47
MGIINTLQKYYCRVRGGRCAVLSCLPKEEQIGKCSTRGRKCCRRKK,2
CRKPTFRRLKWKIKFKFKC,2
GIIKKIIKKIIKKI,2
VAIALKAAHYATHKE,52
FKARRWQWRMKKLGA,2
GRFRRLRKKTRKRLKKIGKVLKWIWWIVGSIPLGCG,50
GRFRRLRKKTRKRLKKIGKVLKWIKKIVGSIPLGCG,50
MGFKLRAKIKVRLRAKIKL,50
GRFKRFRKKLKKLFKKLSPVIPLLHLG,126
FRKKLKKLFKKLSPVIPLLKLG,126
CKLRFRGPGRIKVRLC,50
CPGFAKKFAKKFKKFAKKFAKFAFAF,50
KIRAKLCLGRFCIRAKLR,50
KKKPKPPYLPKPKPPPFFPPKLPPKI,50
FAFAFKAFKKAFKKFKKAFKKAFGPC,50
FAFAFAFKKAFKKFKKAFKKAF,50
FAKKFAKKFKKFAKKFAFAFAF,50
ACYCRIPACIAGERRYATCIYQGRLWAFCC,2
KIAGKIAKIAGKIAKIAGKIA,2
KLALKLALKALKAALKLA,2
ATKKCGLFKILKGVGKI,2
AKLIPTIAL,2
RDNIQGITKPAIRRLARRGGVKRISGLIY,2
VYPKTKTYFPHFDLHHGSAQVRTHGKKVLNALG,2
VDKPPYLPRPPPPRRIYN,2
VDKPPYLPRPTPPRRIYN,2
VDKPPYLPRPHPPRRIYN,2
VDKPPYLPRPKPPRRIYN,2
RWRPPIRRPPIRPPFYP,2
RFRGPIRRPPIRPPFYP,2
RFRRPIRRPPIRPPFYP,2
RFRFPIRRPPIRPPFYP,2
RFRWPIRRPPIRPPFYP,2
RFRPPWRRPPIRPPFYP,2
RFRPPIRRRPIRPPFYP,2
RFRPPIRRPPIRPPWYP,2
RFRPPIRRPPIRPPFWP,2
RFRPPIRRPPIRPPFYR,2
RFRPPIRRPPIRPPFYW,2
RFRRPIRRRPIRPPFYP,2
RFRRPIRRPPIRPPFYR,2
RFRWPIRRPPIRPPWYP,2
RWRWPIRRPPIRPPFYP,2
RWRWPIRRPPIRPPWYP,2
RFRWPIRRRPIRPPFYP,2
RFRWPIRRPPIRPPFYR,2
RWRRPIRRPPIRPPFYP,2
RWRRPIRRPPIRPPFYR,2
RWRRPIRRPPIRPPWYP,2
RWRRPIRRRPIRPPFYP,2
RWRWPIRRPPIRPPFYR,2
RFRWPIRRRPIRPPFYR,2
RFRWPIRRRPIRPPFYW,2
RWRRPIRRRPIRPPFYW,2
RWRRPIRRRPIRPPFYR,2
RWRRPIRRRPIRPPWYP,2
RFRWPIRRRPIRPPWYR,2
RFRRPIRRRPIRPPFWR,2
RFRWPIRRRPIRPPFWR,2
RFRRPIRRRPIRPPWYR,2
RRRRPIRRRPIRPPWYP,2
RWRRPIRRRPIRPPWYR,2
RWRRPIRRRPIRPPFWR,2
RWRRPWRRRPIRPPFYR,2
RWRWPIRRRPIRPPWYR,2
RWRWPIRRRPIRPPFWR,2
RRRRPWRRRPIRPPFYW,2
RFRRPIRRRPIRPPFYR,2
RWRPPIRRPPIRPPWYP,2
RFRRPIRRPPIRPPWYP,2
RRRRPIRRRPIRPPFYR,2
RRRRPIRRRPIRPPWYR,2
WDPYFAGVKKLTKAILAVRA,2
TKCFQWQWRMKKLGAPSITCVRRAF,2
FKCRRWQRNMRKVRGPPVSCIKRDS,2
FKCRRWQWNMRKVRGPPVSCIKRDS,2
FKCRRWQWRMRKVRGPPVSCIKRDS,2
GGFKCRRWQWRMKKLGAPSITCVRRAFLPETGG,2
GGFKCRRWQWRMKKLGAPSITCVRRAFLPET,2
GGRRWQWRMKKLGAPSITLPETGG,2
GGRRWQWRMKKLGAPSITLPET,2
GEFAQFEQEAQSLEQELSQLEQQLESL,2
KWKVLKKKIKMLRNRINGLVKAGPALKVKLQALAL,2
EAQNLEKEIAALEQAIQGLEKEIPALAQQIQALEL,2
GKSLVKWIVKSVRKA,2
KVFTLFQARAQGKLMRI,2
KVWTLFRAAGKLMAK,2
AILRKATRRLVQLIVSG,2
RILAKATRRLVKLIVSG,2
LRKATRRLVQLIVSG,2
ATAILRKATRRLVQLI,2
KSAFELPHYGL,52
KSHFELPAYGL,52
KSHFELPHYGL,52
ALWKKLLKKLLKSAKKLG,2
AFWKKFFKKFFKSAKKFG,2
AIWKKIIKKIIKSAKKIG,2
AVWKKVVKKVVKSAKKVG,2
IRIRPIRIRP,2
IRIRIRPIRIRIRP,2
SKVWRHWRRFWHRAHRKL,2
VKRTKRGARRGLTKVLKKIFGSIVKKAVSKGV,2
VRRSKRGIKVPSFVKKVLKDVVSESIS,2
ARIVQRIKDFLR,2
KAIVQRIKDFLR,2
KRAVQRIKDFLR,2
KRIAQRIKDFLR,2
RLFDKIRQVIRK,2
AGGKRIVQRIKDFLRGAGGRLFDKIRQVIRKG,2
AGKRIVQRIKDFLRGAGRLFDKIRQVIRKG,2
AKRIVQRIKDFLRGARLFDKIRQVIRKG,2
AGGKRIVQRIKDFLRGAGGKRIVQRIKDFLRG,2
AGKRIVQRIKDFLRGAGKRIVQRIKDFLRG,2
AKRIVQRIKDFLRGAKRIVQRIKDFLRG,2
AGGKRIVKRIKKFLRGAGGKRIVKRIKKFLRG,2
CGGRLFDKIRQVIRKGAGGRLFDKIRQVIRKG,2
CGGKRIVQRIKDFLRGAGGRLFDKIRQVIRKG,2
CGGKRIVQRIKDFLRGAGGKRIVQRIKDFLRG,2
KRIVARIKDFLR,2
KRIVQAIKDFLR,2
KRIVQRAKDFLR,2
KRIVQRIADFLR,2
KRIVQRIKAFLR,2
KRIVQRIKDALR,2
KRIVQRIKDFAR,2
KRIVQRIKDFLA,2
KKIVQRIKDFLR,2
KRKVQRIKDFLR,2
KRIKQRIKDFLR,2
KRIVKRIKDFLR,2
KRIVQKIKDFLR,2
KRIVQRKKDFLR,2
KRIVQRIKKFLR,2
KRIVQRIKDKLR,2
KRIVQRIKDFKR,2
KRIVQRIKDFLK,2
KRIVARIKAFLR,127
KRIVKRIKKFLR,127
KRIVKRIKAFLR,2
KRKVKRIKKFLR,2
KRIVARIKAALR,2
KRIAQRIKAFLR,2
KRAAQRIKAFLR,2
KRIVQRKKDKKR,2
KRIVQRKKDFKR,2
QQCRRPLYCRRR,52
QQCRRPLYCRRRWSHPQFEK,52
RPLNFKMLRFWGQQQCRRPLYCRRR,52
RPLNFKMLRFWGQQQCRRPLYCRRRWSHPQFEK,52
QQCRRPLYCRRRKALAALAKKIL,52
QQCRRPLYCRRRKALAALAKKILWSHPQFEK,52
KALAALAKKILQQCRRPLYCRRR,52
KALAALAKKIL,52
RKGSRMGKKCECP,2
RKGSQMGKKCECP,2
ILPWKWRWWKWWR,129
KAAKKWAKAAKKWAKAWKKAA,46
KAAKKWAKAWKKAAKAWKKAA,46
KAAKKAWKAWKKAAKAWKKAA,46
KAAKKAWKAAKKAAKWWKKAA,46
KAAKKAWKWAKKAAKWAKKAA,46
KWWKKAAKAAKKAAKAAKKWA,46
KAAKKAWKAAKKAWKAWKKAA,46
KWAKKAAKWAKKAAKWAKKAA,46
KAWKKAWKAAKKAWKAAKKAA,46
AAKKWAKAKKWAKAKKWAKAA,46
WKWKWKNGKWKWKW,52
LVTLVFVGGGWKWKWKNGKWKWKW,52
WKWKWKNGKWKWKWGGGLVTLVFV,52
WKWKWENGKWKWKW,52
LVTLVFVGGGWKWKWENGKWKWKW,52
WKWKWENGKWKWQW,52
LVTLVFVGGGWKWKWENGKWKWQW,52
YSTCFIMGGGWKWKWENGKWKWKW,52
LKVLLYEEFKLLESLIMEILEYQKDSDIKENAEDTK,131
SLDYINVTFLDLEDEMKKLEEAIKKLEESYINLKEI,132
SLDQINVTFLDLEYEMKKLEEAIKKLEESYIDLKEI,132
GPNFAEISKINTTLLDLSDEMAMLQEVVKQLNDSYI,132
EISKINTTLLDLSDEMAMLQEVVKQLNDSYIDLKEL,132
LDLSDEMAMLQEVVKQLNDSYIDLKELGNYTYYNKW,132
SLTQINTTLLDLEYEMKKLEEVVKKLEESYIDLKEL,132
GINASVVNIQKEIDRLNEVAKNLNESLIDLQELGKYE,132
LTQINTTLLDLTYEMLSLQQVVKALNESYIDLKEL,134
SLTQINTTLLDLEYEMRSLQQVVKALNESYIDLKEL,132
PLDVFNATYLKLTGEIADLEQRSESLRNTTEELQSLIYNINNTLVDLEWLNRVET,136
FNATYLKLTGEIADLEQRSESLRNTTEELQSLIYNINNTLVDLEWLNRVE,136
FNATYLKLTGEIADLEQRSESLRNTTEELQSLIYNINNTLVDL,136
LKLTGEIADLEQRSESLRNTTEELQSLIYNINNTLVDLEWL,136
TLKPIFKLPLGINITNFR,137
YENQKQIANQFNKAISQIQESLTTTSTA,137
IQESLTTTSTALGKLQDVVNQNAQALNTLVKQLSS,137
DVDLGDISGINASVVNIQKEIDRLNEVAKNLNESLIDLQELGKYEQYI,137
EEQAKTFLDK,137
DKFNHEAED,137
NHEAEDLFY,137
EEQAKTFLDKFNHEAEDLFYQSS,137
EEQAKTFLDKFNHEAEDLFYQSSLASWNYNTNITEE,137
EEQAKTFLDKFNHEAEDLFYQSSGLGKGDFR,137
TTLLDLTYEMLSLQQVVKALNESYIDLKEL,132
EANTTLLDLTYEMLSLQQVVKALNESYIDLKEL,132
LCLRNWDQGHRP,79
KKVTMTCSAS,79
SEETKENEGFTVTAEGK,141
STLGKAFSTTLKGAQRLAALGDTAWDFG,143
SIGGVFNSIGRAVHQVFGGAFRTL,143
AALGDTAWDFGSIGGVFNSIGRAVHQVFGGAFRTL,143
AWDFGSIGGVFNSIGRAVHQVFGGAFRTL,143
AWDFGSIGGVFNSIGRAVHQVF,143
VSGHGQHGVHG,145
SGHGQHGVHG,145
GHGQHGVHG,79
HGQHGVHG,145
FGVSGHGQHGVHG,79
LLKKVLKAAAKAALNAVLVGANA,147
KTAATLADTLADTAATLAKAAAA,79
LKAALTAAKTALTAALTALKAALTAAKT,79
LAAALTAKATALTAKLTALAAALTAKAT,79
LAAKLTKAAKLTAALTKLAAALTAAAT,79
HVTTTFAPPPPR,150
SVVPSKATWGFA,150
FKPSSPPSITLW,150
ANQFNSAIGKIQDSLSSTASALGKLQDVVNQNAQALNTLVKQ,131
VNKKIEEIDKKIEELNKKLEELEKKLEEVNKK,151
EKINQSLAFIRKSDELLHNV,152
FDASISQVNEKINQSLAFIRKSDELLHNVNAGKST,152
AWDFGSLGGVFTSIGKALHQVFGAIYGAA,153
AWDFGSVGGVLNSLGKMVHQIFGSAYTAL,153
AWDFGSVGGLFTSLGKAVHQVFGSVYTTM,153
AWDFGSIGGVFTSVGKLVHQVFGTAYGVL,153
WFGHLYRGITSVVKHVHGLLSG,77
WFGHLYRGITKVVKHVHGLLKG,77
WFGKLYRGITSVVKKVKGLLSG,77
WFGKLYRGITKVVKKVKGLLKG,77
FALALKALKKLKKALKKAL,2
FAKKLAKKLKKLAKLALAL,2
GGHKWKLFKKIGAVLKVL,2
VIHKWKLFKKIGAVLKVL,2
FAKKLAKLAKKLAKLAL,2
FAKKLAKKLKKLAKKLAKKWKL,2
GAGIGPGHRRTWRRWPRRRWR,155
MSLLERKLLMHFLRV,2
GLMKLLRELLHMFSRVG,2
MRIGLRFVLM,2
SVAGRAMRIGLRFVLM,2
GIAGLLRSFVRMLAKIMGG,2
GSVLRAIMRMFAKLMG,2
GIHGVVRSFMRMLGHLG,2
GSVIRALMRMFARLVG,2
EPRWKVFKKIEKMGRNIRDGIIKAGPAVAVLGDAKALGK,2
KCWDTWSRCTRFTSVFTGSVWNTCQKRCQCLGHATGSCVLRRSECPLTSQAYRCECS,2
GLRRLLRKIRGRWKGGGRGGRLCYCRRRFCVCVGR,2
FLRNGGSYYIVPAFRGKG,2
FQRYFHRYARFLAKIWKG,2
WWLSRRRSSLFYWR,2
SRRRFDFSRRRIYVARRRSLAFAHRRR,2
TINKKFRWHGKRKWWLRFVKQ,2
KGGKFLNFLKKAAKVGAKVGMAALG,2
KLKTWPKNYWRKVWSKKNWRKFVKKFKHW,2
KLDLKLDLKLDL,2
RKLDLKLDLKLDL,2
RRKLDLKLDLKLDL,2
RRRKLDLKLDLKLDL,2
RRRRKLDLKLDLKLDL,2
IGRHFKRRNSIWGICWF,2
VLIRGLIHMLRGG,2
FVKILAKLVNYAKN,2
FLIGKAIKRKFCLRSVWNA,2
KKGKSFKQLHIIVHLVKSWLRTILTHI,2
IVKRFFRISYKLQSLKIIKGKRTFT,2
ILPWKWPWWPWRR,2
RRIPFWPPNLPGPRRPPWFLPDFRIPRIPRKR,2
RRIPFWPIPLRWQWPPPWFPPSFPIPRISRKR,2
RRIRFPFPPFPWQWPPAGFPTFHIPRIPRKQ,2
RRIRFRPPRLPRPRPRPWIPPRFPFPRIPGKR,2
RRIRIRPPRLPRPRPRPWFPPRFPIPRIPGKR,2
WIKIWKKIIKKWKK,2
QKRPRVRLSA,2
IAAERRYATIYQARLWAF,2
GVVDILKGAAKDLAGH,2
GVVDILKGAAKDLAGHLASKV,2
GIKKFLHIIWKFIKAFVGEIMNS,2
IIKKFLHSIWKFGKAFVGEIMNI,2
GLARCLAGTL,2
GLFDVIKKVASVIGPLG,159
GLFDVIKKVASVIGPLGIAGQGGD,159
FLFKLIKHAIKGLIKAFK,118
GITDLRGMLKRLKKMK,2
ATLTAKDLTFLQDYKKTKKRVK,2
HTMWRCVRLSACLFSVRRR,2
PAWFKARRWAWRMLKKAA,2
RRWQWRMKKLGA,2
LLKQLWTKMKGAGKAVLGKIKGLL,2
LLKKLWTKMKGAGKAVLGKIKGLL,2
LLRELWTRMRGAGRAVLGRIRGLL,2
AFRPIPTHSC,2
YNYSYIITRS,2
PTTVHIIYRI,2
ASVTWLLYAM,2
LRCLMLKFPI,2
CLRPSIISRA,2
WRYQWTILFI,2
FCIRLATYVI,2
PGHRVSCWLS,2
RRWQWRAFCWNVCVYRNAVRVCHRRCN,42
YGRKKRRQRRRAFCWNVCVYRNAVRVCHRRCN,42
DGRCLLIIKLAKLAKKLAKLAK,118
RFRLPFRRIHPPPFVRIHPPPFYRRFL,2
RFRLPFRRPWPIRIHPPPFYPWPFRRFL,2
VHISHREARGPSFRICVGFLGPRWARGCSTGN,2
GDVPPGIRNTICRMQQGICRLFFCHSGTGQQHRQRCG,2
PIMYKVPLIRKKSLRRTLSERGLLKD,2
PFLKKHNLNPARKYFPQWKAPTL,2
PIMYKVPLIRKKSLRRTLSERGLLKDPFLKKHNLNPARKYFPQWKAPTL,2
RLKWVRIWRR,2
RLIVKVRIWRR,2
FKCRRWQWRMKKLGAPSITGVRRAF,161
ILIACLGLKLLRYRRIY,77
ILIACWGLKLLRYRRIY,2
WRWACWGLKLLRYRRIY,2
ILWACWGLKLLRYRRIY,2
ILWACWGLKLLKYKKIY,2
WRWACWGLKLLKYKKIY,2
WRWAKWGLKLLKYKKIY,2
ILWAKWGLKLLRYRRIY,2
IWWAKWGLKLLRYRRIY,2
IWWAKWGLKWLRYRRIY,2
IWWAKWGLKLLRYRRIW,2
IWWAKWGLKLLDYRRIW,2
IWWAKWGLDLLRYRRIW,2
WRWAKWGLKLWKWKKIY,2
IWWAKWGLKLLRYRRWY,2
IWWAKLGLKLLRYRRWY,2
WWWAKLGLKLLRYRRWY,2
AGKETIRQYLKNEIKKKGRKAVIAW,77
AGKEKIRKKLKNEIKKKGRKAVIAW,77
AWKEKIRKKLKNEIKKKGRKAVIAW,77
AGKEKIRKKLKNEIKKKWRKAVIAW,77
DKEWILQKIYEIMRLLDELGHAEASMRVSDLIYEFMKKGDERLLEEAERLLEEVER,131
NGAICWGPCPTAFRQIGNCGRFRVRCCRIR,131
SRDSRPVQPRVQPPPPPPKQKPSIYDTPIRRPGGRKTMYA,2
FPVTWRWWKWWKG,2
FPVTWRWWKWWKGKFPVTWRWWKWWKG,2
AKLIPTIA,162
VQWRRIRVWVIR,52
AKKLLKLLKKLLKLAG,2
LKKALKLLKKLLKLAG,2
LKKLAKLLKKLLKLAG,2
LKKLLKALKKLLKLAG,2
LKKLLKLAKKLLKLAG,2
LKKLLKLLKKALKLAG,2
LKKLLKLLKKLAKLAG,2
LKKLLKLLKKLLKAAG,2
LKKLLKLGKKLLKLAG,2
LKKLLKLSKKLLKLAG,2
LKKLLKLPKKLLKLAG,2
LKKLLKLNKKLLKLAG,2
LKKLLKLQKKLLKLAG,2
LKKLLKLDKKLLKLAG,2
LKKLLKLEKKLLKLAG,2
LKKLLKLKKKLLKLAG,2
LKKLLKLHKKLLKLAG,2
AKRIVQRIKDFLR,2
FKRAVQRIKDFLR,2
FKRIAQRIKDFLR,2
FKRIVQRAKDFLR,2
FKRIVQRIKDALR,2
FKRIVQRIKDFAR,2
FKRGVQRIKDFLR,2
FKRSVQRIKDFLR,2
FKRNVQRIKDFLR,2
FKRQVQRIKDFLR,2
FKRHVQRIKDFLR,2
FKRIGQRIKDFLR,2
FKRISQRIKDFLR,2
FKRINQRIKDFLR,2
FKRIQQRIKDFLR,2
FKRIHQRIKDFLR,2
FKRIVQRIKDGLR,2
FKRIVQRIKDSLR,2
FKRIVQRIKDNLR,2
FKRIVQRIKDQLR,2
FKRIVQRIKDHLR,2
KRLFKKLLKYLRKF,2
KRLFKRLFKYLRRF,2
RRIFKRLFKYLRRF,2
AGRQTIKAYLRREIRKRGRKAVIAW,2
WGTQRIKAYLRREIRKRGRKAVIAW,2
WGTNRIAKELRRYIRKVGRIARKAW,2
AWRQTIAKYLRREIRKRGRKAVIAW,2
AWTQRIKAYLRREIRKRGRKAVIAW,2
AGRQWIKAYLRREIRKRGRKAVIAW,2
AGRQWIAKYLRREIRKRGRKAVIAW,2
AGWQRIKAYLRREIRKRGRKAVIAW,2
AGRQWIKAYLRREIRKVGRKARIAW,2
AGRQTIAKYLRREIRKRGRKWVIAW,2
AGTNRIAKELRRYIRKVGRIARKWW,2
AGTNRIAKELRRYIRKVKRIARKAW,2
AGTNRIAKELRRYIRKVGRIKRKAW,2
AGTNRIAKELRRYIRKVGRIARKKW,2
AKTNRIAKELRRYIRKVGRIARKAW,2
AGKETIRQFLKKKIQEKGKRATIAW,2
AGKETIFQRLKKKIQEKGKRAWIAW,2
AGTEKIFQRLKKKIQEGKKIAKRAW,2
AWTEKIFQRLKKTIQEGKKIAKRAW,2
AWTEKIFNRLKKTINEGKKIAKRAW,2
AGKETIFQRLKKKIQEKWKRATIAW,2
AGKETIRQFLKKKIQEWKKRATIAW,2
AGTEKIFNRLKKTINEWKKIAKRAW,2
AGKETIFQRLKKKIQEKGKRATIWW,2
AGKETIRQFLKKTIQEKGKRAKIWW,2
AGTEKIFQRLKKTIQEGKKIAKRWW,2
AGTEKIFNRLKKTINEGKKIAKRWW,2
AGKEKIFQRLKKTIQEGKKIAKRAW,2
AGKETIFQRLKKKIQEKGKRAKIAW,2
AGKETIRQFLKKKIQEGKKRAKIAW,2
AGRQALTLYLKEELRKRGKKAFIAW,2
AGAQRLTKELLEYLRKFGKIARKAW,2
WGRQALTKYLLEELRKRGKKAFIAW,2
WGRQALTLYLKEELRKFGKKARIAW,2
WGAQRLTKELLEYLRKFGKIARKAW,2
AGRQALTKYLLEELRKRWKKAFIAW,2
AGRQALTLYLKEELRKRGKKAFIWW,2
AGRQALTKYLLEELRKRGKKAFIWW,2
AGRQKLTLELKEYLRKRGKKAFIAW,2
AKRQALTKYLLEELRKRGKKAFIAW,2
AKANRLTKELLEYLRKFGKIARKAW,2
AGRESIKAYLKKEIKKKGKRAVIAW,2
AGSERIWKELKKYIKKGKKVIRAAW,2
AWRESIKAYLKKEIKKKGKRIVAAW,2
AGRESIKAYLKKEIKKKWKRAVIAW,2
AGRESIKAYLKKEIKKKWKRIVAAW,2
KWCFRVCYSGICYRRCRG,118
KWCFRVCYSGICYSRCSG,164
GFCWYVCARRNGARVCYRRCN,2
GFCWRVCASRNGLRVCYRRCN,2
GFCWYACAKRNGLRVCYRRCN,2
GFCWNVCVRRNGVRVCHRRCN,2
GFCWYVCVKRNGVRSCYRRCN,2
GFCWNVCVYRNGVRICHRRCN,2
GFCWHVCARRNGVRVCYRRCN,2
GFCWRACVYRNGVRACYRRCN,2
GFCWRACVYRNGVRVCYRRCN,2
KFLNRFWHWLQLKPGQPMY,2
RVQGRWKVRASFFK,2
RVQGRWKVRASFFKEAAAKEAAAKGFAWNVCVYRNGVRVCHRRAN,2
RVQGRWKVRASFFKGGGGSGFAWNVCVYRNGVRVCHRRAN,2
RVQGRWKVRASFFKGFAWNVCVYRNGVRVCHRRAN,2
VCVYRGFAWNCHRRANNGVRV,2
RVQGRWKVRASFFKEAAAKEAAAKVCVYRGFAWNCHRRANNGVRV,2
RVQGRWKVRASFFKGGGGSVCVYRGFAWNCHRRANNGVRV,2
KKGWAKKLAFAFGKK,2
FLPKLFAKITKKNMAHIRC,2
CFLPKLFAKITKKNMAHIR,2
LNWKAILKHIIK,2
VLPKVMAHMK,2
LNWGAVLKHVVK,2
LNWGAIKKHIIK,2
LNWGAFLKHFFK,2
VDLKNLLK,2
LRRLRLRLLRLLRRLLRLL,2
LNWGAWLKHWWK,2
LVKRVKKVL,2
VNLKNLLR,2
KWKLWKKIEKWGQGIGAVLKWLTTWL,2
FFFHIIKGLFHAGRMIHGLV,2
FFFKLLPKAIGALKKI,2
FKIKASKKLLKKVGKGALGAVAKALAQQA,2
KWKKFIKKLTSAAKKVLTTGLPALIS,2
KWKKFLKKLTSAAKKVLTTALKPISS,2
FFKKFIGGVAKIAGKAAPHGVGQLIPHVTP,2
ENREVPPGFTALIKTLRKCKII,2
NLVSGLIEARKYLEQLHRKLKNCKV,2
VRRFPWWWPFLRR,6
KTCENLADTY,65
SMWSGMWRRKLKKLRNALKKKLKGE,95
GLFGKLIKKFGRKAISYAVKKARGKH,95
QAFQTFKPDWNKIRYDAMKMQTSLGQMKKRFNL,95
GETFDKLKEKLKTFYQKLVEKAEDLKGDLKAKLS,95
SWLSKTAKKLENSAKKRISEGIAIAIQGGPR,2
KSCCRNTWARNCYNVCRLPGTISREICAKKCDCKIISGTTCPSDYPK,12
ALWMTLLKKVLKAAAKAALNAVLVGANA,2
NPVSCVRNKGICVPIRCPGSMKQIGTCVGRAVKCCRKK,2
GRFRRLRKKTRKRLKKIGKVLKWIPPIVGSIPLGCG,2
GLLSRLRDFLSDRGRRLGEKIERIGQKIKDLSEFFQS,2
GIPCGESCVWIPCISAALGCSCKNKVCYRN,2
SIPCGESCVFIPCTVTALLGCSCKSKVCYKN,2
GVIPCGESCVFIPCISTLLGCSCKNKVCYRN,2
SDEKASPDKHHRFSLSRYAKLANRLANPKLLETFLSKWIGDRGNRSVK,2
FRGLAKLLKIGLKSFARVLKKVLPKAAKAGKALAKSMADENAIRQQNQ,2
GVLSNVIGYLKKLGTGALNAVLKQ,2
GIGGKILSGLKTALKGAAKELASTYLH,2
SIGAKILGGVKTFFKGALKELASTYLQ,2
SLGGVISGAKKVAKVAIPIGKAVLPVVAKLVG,2
FKLGSFLKKAWKSKLAKKLRAKGKEMLKDYAKGLLEGGSEEVPGQ,2
KYYGNGVHCGKHSCTVDWGTAIGNIGNNAAANWATGGNAGWNK,52
GKVWDWIKSTAKKLWNSEPVKELKNTALNAAKNLVAEKIGATPS,2
GLVTSLIKGAGKLLGGLFGSVTGGQS,2
FLPIIAGIAAKVFPKIFCAISKKC,2
ALWKTMLKKLGTMALHAGKAALGAAADTISQGTQ,169
GWGSFFKKAAHVGKHVGKAALTHYL,2
GFGALFKFLAKKVAKTVAKQAAKQGAKYVVNKQME,2
GFGSLFKFLAKKVAKTVAKQAAKQGAKYVANKHME,2
IAPIIVAGLGYLVKDAWDHSDQIISGFKKGWNGGRRK,52
SNDSLWYGVGQFMGKQANCITNHPVKHMIIPGYCLSKILG,52
GIMDTLKNLAKTAGKGALQSLLNKASCKLSGQC,2
FLPLLAGLAANFLPKIFCKITRKC,2
GIFSKLGRKKIKNLLISGLKNVGKEVGMDVVRTGIDIAGCKIKGEC,2
GIGDPVTCLKSGAICHPVFCPRRYKQIGTCGLPGTKCCKKP,2
QQCGRQAGNRRCANNLCCSQYGYCGRTNEYCCTSQGCQSQCRRCG,36
VGECVRGRCPSGMCCSQFGYCGKGPKYCGR,36
GILSLVKGVAKLAGKGLAKEGGKFGLELIACKIAKQC,2
SIWGDIGQGVGKAAYWVGKAMGNMSDVNQASRINRKKKH,32
KKWGWLAWVEPAGEFLKGFGKGAIKEGNKDKWKNI,32
GTWDDIGQGIGRVAYWVGKAMGNMSDVNQASRINRKKKH,32
KKWGWLAWVDPAYEFIKGFGKGAIKEGNKDKWKNI,32
GRKSDCFRKSGFCAFLKCPSLTLISGKCSRFYLCCKRIR,2
GKREKCLRRNGFCAFLKCPTLSVISGTCSRFQVCC,2
LFCKRGTCHFGRCPSHLIKVGSCFGFRSCCKWPWDA,2
LSCKRGTCHFGRCPSHLIKGSCSGG,2
KRFGRLAKSFLRMRILLPRRKILLAS,2
KRRHWFPLSFQEFLEQLRRFRDQLPFP,2
KRFHSVGSLIQRHQQMIRDKSEATRHGIRIITRPKLLLAS,2
GLLDAIKDTAQNLFANVLDKIKCKFTKC,2
GLFNVFKKVGKNVLKNVAGSLMDNLKCKVSGEC,2
GLFSAFKKVGKNVLKNVAGSLMDNLKCKVSGEC,2
GIFSKLAGKKLKNLLISGLKNVGKEVGMDVVRTGIDIAGCKIKGEC,2
FLSLALAALPKFLCLVFKKC,2
FLSLALAALPKLFCLIFKKC,2
FLPLLLAGLPKLLCLFFKKC,2
GLFDVVKGVLKGAGKNVAGSLLEQLKCKLSGGC,2
GLFSVVTGVLKAVGKNVAKNVGGSLLEQLKCKISGGC,2
GIINTIQRYFCRVRGGRCAALTCLPRETQIGRCSVKGRKCCRTRK,171
VVKCSYRLGSPDSRCN,2
AALKGCWTKSIPPKPCFGKR,2
GVLGAVKDLLIGAGKSAAQSVLKTLSCKLSNDC,2
GFLDTFKNLALNAAKSAGVSVLNSLSCKLFKTC,2
GLGGAKKNFIIAANKTAPQSVKKTFSCKLYNG,2
GFMDTAKNAAKNVAVTLLDNLKCKITKAC,2
FMPILSCSRFKRC,2
GIFGKILGVGKKVLCGLSGVC,2
GFFTLIKAANKLINKTVNKEAGKGGLEIMA,2
GLFTLIKCAYQLIAPTVACN,2
GLFTLIKGAAKLIGKTVPKKQARLGMNLWLVKLPTNVKT,2
VEVQVRDKGKGIYGLSPLRQPAP,2
ATAWDFGPHGLLPIRPIRIRPLCGKDKS,2
DEKGPKWKR,2
AVPLIYNRPGIYVTKRPKGK,2
VIPFVASVAAEMMQHVYCAASKKC,2
GLLSGILGAGKHIVCGLSGPCQSLNRKSSDVEYHLAKC,2
APFCLGYLSPKLKDMEPKPRG,2
GFSPNLPGKGLRIS,2
FLPPSPWKETFRTS,2
TSRCYIGYRRKVVCS,2
GCSRWIIGIHGQICRD,2
GLLSGTSVRGSI,2
GLFGKSSVWGRKYYVDLAGCAKA,2
GLLSGILGAGKHIVCGLSGLC,2
GLLSGVLGVGKKVLCGLSGLC,2
GLLSGILGAGKHIVCGLSGLR,2
GLLSGILGAGKHIICGLSGLC,2
GLLSGILGAGKQKVCGLSGLC,2
GLLGKILGVEKKVLCGLSGMC,2
AMRLTYNKPCLYGT,2
SIITMTKEAKLPQLWKQIACRLYNTC,2
AGETHTVMINHAGRGAPKLVVGGKKLS,65
FLGGLLASLLGKI,2
YPELQQDLIARLL,2
FLSGILKLAFKIPSVLCAVLKNC,2
FRSGILKLASKIPSVLCAVLKNC,2
AKAWGIPPHVIPQIVPVRIRPLCGNV,2
GFWDSVKEGLKNAAVTILNKIKCKISECPPA,2
FIPGLRRLFATVVPTVVCAINKLPPG,2
DDPDKGMLKWKNDFFQEF,2
GLLDSVKEGLKKVAGQLLDTLKCKISGCTPA,2
GFFDRIKALTKNVTLELLNTITCKLPVTPP,2
SFGAKNAVKNGLQKLRNQCQANNYQGPFCDIFKKNP,2
SIITMTKEAKLPQSWKQIACRLYNTC,2
GLLRASSVWGRKYYVDLAGCAKA,2
CIGNGGRCNENVGPPYCCSGFCLRQPNQGYGVCRNR,36
FFPIGVFCKIFKTC,2
FGLPMLSILPKALCILLKRKC,2
NEYHGFVDKANNENKRKKQQGRDDFVVKPNNFANRRRKDDYNENYYDDVDAADVV,65
VCSCRLVFCRRTELRVGNCLIGGVSFTYCCTRV,2
KTCENLADDY,24
DNGEAGRAAR,24
DKLIGSCVWGAVNYTSDCNGECKRRGYKGGHCGSFANVNCWCET,2
KGRGKQGGKVRAKAKTRSS,16
AFTCHCRRSCYSTEYSYGTCTVMGINHRFCCL,2
RLGNFFRKAKKKIGRGLKKIGQKIKDFLGNLVPRTES,2
RLGDILQKAREKIEGGLKKLVQKIKDFFGKFAPRTES,2
LLGDFFRKAREKIGEEFKRIVQRIKDFLRNLVPRTES,2
RLGNFFRKVKEKIGGGLKKVGQKIKDFLGNLVPRTAS,2
GIGKFLHSAGKFGKAFVGEIMKS,2
GFSSIFRGVAKFASKGLGKDLARLGVNLVACKISKQC,2
YSRCQLQGFNCVVRSYGLPTIPCCRGLTCRSYFPGSTYGRCQRY,2
YVSCLFRGARCRVYSGRSCCFGYYCRRDFPGSIFGTCSRRNF,2
DYDWSLRGPPKCATYGQKCRTWSPPNCCWNLRCKAFRCRPR,2
VFIDILDKVENAIHNAAQVGIGFAKPFEKLINPK,2
GIFSKFAGKGIKNLLVKGVKNIGKEVGMDVIRTGIDIAGCKIKGEC,2
RIFSKIGGKAIKNLILKGIKNIGKEVGMDVIRTGIDVAGCKIKGEC,2
GIFSLIKGAAKLITKTVAKEAGKTGLELMACKVTNQC,2
GFMDTAKNVAKNVAVTLLDKLKCKITGGC,2
SLLDTFKNLAVNAAKSAGVSVLNALSCKISRTC,2
SFLTTFKDLAIKAAKSAGQSVLSTLSCKLSNTC,2
SVLGTVKDLLIGAGKSAAQSVLTTLSCKLSNSC,2
GIFSTVFKAGKGIVCGLTGLC,2
GILGTVFKAGKGIVCGLTGLC,2
GFMDTAKNVAKNVAATLLDKLKCKITGGC,2
GFMSTASNVLTNVAGTVMDKLKCKFTGAC,2
GILSTVFKAGKGIVCGLSGLC,2
FLPGVLRLVTKVGPAVVCAITRNC,2
ATAWNLGPHGLRPIRPIRIRPLCGKDKS,2
AAGYPFGIKV,2
AAIYPFGIKIRCKAAFC,2
NFYEIFRNRNRGGLIKDAATPWLPCEILRPC,2
NIFEIFRNRNRGGLIKDAATPWLPCEILRPC,2
SPYRCGSPDSRGSENTRCLIKK,2
RLMKCYKPNSRGFQLCE,2
CGYRHGRLNCGRG,2
GIFSVLNEVCKKNDYKPEICAHFSQNKP,2
GIFSSRKCKTPSKTFKGYCTRDSNCDTSCRYEGYPAGD,12
GIFSSRKCKTPSKTFKGICTRDSNCDTSCRYEGYPAGDCKGIRRRCMCSKPC,12
LCNERPSQTWSGNCGNTAHCDKQCQDWEKASHGACHKRENHWKCFCYFNC,65
NLCERASLTWTGNCGNTGHCDTQCRNWESAKHGACHKRGNWKCFCYFNC,65
ELCEKASKTWSGNCGNTGHCDNQCKSWEGAAHGACHVRNGKHMCFCYFNC,65
DGVKLCDVPSGTWSGHCGSSSKCSQQCKDREHFAYGGACHYQFPSVKCFCKRQC,65
RVCMGKSQHHSFPCISDRLCSNECVKEEGGWTAGYCHLRYCRCQKAC,65
ATYNGKCYKKDNICKYKAQSGKTAICKCYVKKCPRDGAKCEFDSYKGKCYC,176
FMPIIGRLMSGSL,2
INMKASAAVAKKLL,2
GTCKAECPTWEGICINKAPCVKCCKAQPEKFTDGHCSKILRRCLCTKPC,24
ATCKAECPTWDSVCINKKPCVACCKKAKFSDGHCSKILRRCLCTKEC,24
RECKTESNTFPGICITKPPCRKACISEKFTDGHCSKILRRCLCTKPC,24
YSRCQLQGFNCVVRSYGLPTIPCCRGLTCRSYFPGSTYGRCQRF,2
QLINSPVTCMSYGGSCQRSCNGGFRLGGHCGHPKIRCCRRK,2
KLCERSSGTWSGVCGNNNACKNQCIRLEGAQHGSCNYVFPAHKCICYFPC,36
KSCCPSTTARNIYNTCRLTGASRSVCASLSGCKIISGSTCDSGWNH,127
LVQRGRFGRFLRKIRRFRPKVTITIQGSARFG,2
PIRNWWIRIWEWLNGIRKRLRQRSPFYVRGHLNVTSTPQP,2
ISRLAGLLRKGGEKIGEKLKKIGQKIKNFFQKLVPQPE,2
ICIFCCGCCHRSKCGMCCKT,2
LFCRKGTCHFGGCPAHLVKVGSCFGFRACCKWPWDV,2
IPRPLDPCIAQNGRCFTGICRYPYFWIGTCRNGKSCCRRR,2
LPVNEAQCRQVGGYCGLRICNFPSRFLGLCTRNHPCCSRVWV,2
GNNRPVYIPQPRPPHPRI,2
GGAGHVPEYFVGIGTPISFYG,2
AKIPIKAIKTVGKAVGKGLRAINIASTANDVFNFLKPKKRKH,2
VIEPKCYKYEGKKCPPDINPVCGTDKRTYYNECALCVFIRQSTKKADKAIKIKKWGKC,2
GGLKKLGKKLEGAGKRVFNAAEKALPVVAGAKAL,2
RPEIKKKNVFSKPGYCPEYRVPCPFVLIPKCRRDKGCKDALKCCFFYCQMRCVDPWESPE,2
DLHIPPPDNKINWPQLSGGGGGSPKTGYDININAQQK,2
FFGHLFKLATKIIPSLFQ,179
KVNVNAIKKGGKAIGKGFKVISAASTAHDVYEHIKNRRH,2
GKIPVKAIKKGGQIIGKALRGINIASTAHDIISQFKPKKKKNH,2
KVPIGAIKKGGKIIKKGLGVIGAAGTAHEVYSHVKNRH,2
KVPIGAIKKGGKIIKKGLGVLGAAGTAHEVYNHVRNRQ,2
KVPIGAIKKGGKIIKKGLGVIGAAGTAHEVYSHVKNRQ,2
KVPVGAIKKGGKAIKTGLGVVGAAGTAHEVYSHIRNRH,2
KGIGSALKKGGKIIKGGLGALGAIGTGQQVYEHVQNRQ,2
FLPLIAGLAANFLPKIFCAITKKC,2
FLPVIAGVAAKFLPKIFCAITKKC,2
GLFSILKGVGKIALKGLAKNMGKMGLDLVSCKISKEC,2
GIMDTVKNVAKNLAGQLLDKLKCKITAC,2
GIMDTVKNAAKDLAGQLLDKLKCRITGC,2
GLLDTIKNTAKNLAVGLLDKIKCKMTGC,2
GIMDSVKNVAKNIAGQLLDKLKCKITGC,2
GIMDSVKNAAKNLAGQLLDTIKCKITAC,2
GIMDTVKNAAKDLAGQLDKLKCRITGC,2
GLFPKINKKKAKTGVFNIIKTVGKEAGMDLIRTGIDTIGCKIKGEC,2
GIFTKINKKKAKTGVFNIIKTIGKEAGMDVIRAGIDTISCKIKGEC,2
ALFSILRGLKKLGNMGQAFVNCKIYKKC,2
ALSILKGLEKLAKMGIALTNCKATKKC,2
GFFSTVKNLATNVAGTVIDTLKCKVTGGCRS,2
GFLSTVKNLATNVAGTVIDTLKCKVTGGCRS,2
GIFPKIIGKGIKTGIVNGIKSLVKGVGMKVFKAGLNNIGNTGCNEDEC,2
GIFPKIIGKGIKTGIVNGIKSLVKGVGMKVFKAGLSNIGNTGCNEDEC,2
ALSILRGLEKLAKMGIALTNCKATKKC,2
GLFSKFAGKGIKNLIFKGVKHIGKEVGMDVIRTGIDVAGCKIKGEC,2
GLLDTFKNLALNAAKSAGVSVLNSLSCKLSKTC,2
FLPLLAGLAANFLPKIFCKITKKC,2
GLLSGILGAGKNIVCGLSGLC,2
GLFGKILGVGKKVLCGLSGMC,2
GVLGTVKNLLIGAGKSAAQSVLKTLSCKLSNDC,2
GILSSFKGVAKGVAKDLAGKLLETLKCKITGC,2
FLPILAGLAAKIVPKLFCLATKKC,2
GIMSLFKGVLKTAGKHVAGSLVDQLKCKITGGC,2
GFLDSFKNAMIGVAKSVGKTALSTLACKIDKSC,2
GLLDSLKNLAINAAKGAGQSVLNTLSCKLSKTC,2
GIFSKFGGKAIKNLFIKGAKNIGKEVGMDVIRTGIDVAGCKIKGEC,2
GIFSLIKGAAQLIGKTVAKEAGKTGLELMACKVTKQC,2
FLPAVLRVAAKIVPTVFCAISKKC,2
FLPAVLRVAAQVVPTVFCAISKKC,2
GLLGSLFGAGKKVACALSGLC,2
GLLGSIFGAGKKIACALSGLC,2
FMGGLIKAATKIVPAAYCAITKKC,2
GAIKDALKGAAKTVAVELLKKAQCKLEKTC,2
GFKGAFKNVMFGIAKSAGKSALNALACKIDKSC,2
GLLDSFKNAMIGIAKSAGKTALNKIACKIDKTC,2
FLPKMSTKLRVPYRRGTKDYH,2
GILKKFMLHRGTKVYKMRTLSKRSH,2
GLASFLGKALKAGLKIGSHLLGGAPQQ,2
GFGSFLGKALKAALKIGANVLGGAPQQ,2
GFGSFLGKALKAALKIGANVLGGAPEQ,2
GFGSFLGKALKAALKIGADVLGGAPQQ,2
GLKEVLHSTKKFAKGFITGLTGQ,2
GLFLDTLKKFAKAGMEAVTNPK,2
GLASTIGSLLGKFAKGGAQAFLQPK,2
GFWTTAAEGLKKFAKAGLASILNPK,2
GVWTTILGGLKKFAKGGLEALTNPK,2
GFLGPLLKLGLKGVAKVIPHLIPSRQQ,2
GFLGPLLKLGLKGAAKLLPQLLPSRQQ,2
KIKWFKTMKSIAKFIAKEQMKKHLGGE,2
GFKDLLKGAAKALVKTVLF,2
GFRDVLKGAAKAFVKTVAGHIAN,2
GIKDWIKGAAKKLIKTVASHIANQ,2
RPKHPIKHQGLPQEVLNENLLRF,2
YQEPVLGPVRGPFPI,2
YQEPVLGPVRGPFPIIV,2
GILSTIKDFAIKAGKGAAKGLLEMASCKLSGQC,2
GIFLDKLKNFAKGVAQSLLNKASCKLSGQC,2
GLGSILGKILNVAGKVGKTIGKVADAVGNKE,2
GLGSFLKNAIKIAGKVGSTIGKVADAIGNKE,2
GLGSFFKNAIKIAGKVGSTIGKVADAIGNKE,2
GWKDWAKKAGGWLKKKGPGMAKAALKAAMQ,32
FLPLLAGLAANFLPTIICKISYKC,31
WLGSALKIGAKLLPSVVGLFKKKKQ,32
TTLTLHNLCPYPVWWLVTPNNGGFPIIDNTPVVLG,24
QWGRRCCGWGPGRRYCRRWC,54
SCIPKHEECTNDKHNCCRKGLFKLKCQCSTFDDESGQPTERCACGRPMGHQAIETGLNIF,2
RESPSSRMECYEQAERYGYGGYGGGRYGGGYGSGRGQPVGQGVERSHDDNRNQPR,2
GFMKYIGPLIPHAVKAISDLI,2
SISCGESCAMISFCFTEVIGCSCKNKVCYLN,5
KTCENLADTFRGPCFATSNCDDHCKNKEHLLSGRCRDDFRCWCTRNC,65
ATCENLANTYRGPCFGGCDFHCKTKEHLLSGRCRDDFRCWCTRNC,65
QDDESDVPHVRVRRGFGCPLNQGACHNHCRSIGRRGGYCAGIIKQTCTCYRK,2
ATCDLLSGTGINHSACAAHCLLRGNRGGYCNGKGVCVCRN,2
DFGCGQGMIFMCQRRCMRLYPGSTGFCRGFRCMCDTHIPLRPPFMVG,2
KSCCRSTQARNIYNAPRFAGGSRPLCALGSGCKIVDDKKTPPND,184
KSCCRSTTARTARVPCAKKSNIYNGCRVPGGCKIQEAKKCEPPYD,184
KSCCRNTVARNCYNVCRIPGTPRPVCAATCDCKLITGTKCPPGYEK,184
AQCGAQGGGATCPGGLCCSQWGWCGSTPKYCGAGCQSNCK,184
AQCGAQGGGATCPGGLCCSQWGWCGSTPKYCGAGCQSNCR,184
INWLKLGKKMMSAL,2
AANIPFKVHFRCKAAFC,2
GLPVCGETCFGGRCNTPGCTCSYPICTRN,127
GIPCAESCVWIPCTVTALIGCGCSNKVCYN,127
GTFPCGESCVFIPCLTSAIGCSCKSKVCYKN,127
GLLPCAESCVYIPCLTTVIGCSCKSKVCYKN,127
FLPAIVGAAGQFLPKIFCAISKKC,2
PGMGIYLPM,186
KRFKKFFKKLKNSVKKRAKKFFKKPRVIGVSIPF,2
FHPSLWVLIPQYIQLIRKILKSG,2
ALWKTIIKGAGKMIGSLAKNLLGSQAQPES,27
FFGLHNLVPSMLCVVRKKC,2
FLGGLFKLVPSVICAVTKKC,2
GLLGPLLKIAAKVGSNLL,2
CIKNGNGCQPDGSQGNCCSRYCHKEPGWVAGYCR,114
CIANRNGCQPDGSQGNCCSGYCHKEPGWVAGYCR,114
CIKNGNGCQPNGSQGNCCSGYCHKQPGWVAGYCRRK,114
AGECVQGRCPSGMCCSQFGYCGRGPKYCGR,188
NNEAQCEQAGGICSKDHCFHLHTRAFGHCQRGVPCCRTVYD,2
LVAYGIAQGTAEKVVSLINAGLTVGSIISILGGVTVGLSGVFTAVKAAIAKQGIKKAIQL,2
RRICRCRIGRCLGLEVYFGVCFLHGRLARRCCR,2
RICRCRIGRCLGLEVYFGVCFLHGRLARRCCR,2
RTCRCRLGRCSRRESYSGSCNINGRIYSLCCR,2
RECQSQSHRYKGACVHDTNCASVCQTEGFSGGKCVGFRGRCFCTKHC,24
RECQSQSHRYKGACVHDTNCASVCQTEGFSGGKCVGFRGRCFCTKAC,89
ALWKTLLKNVGKAAGKAALNAVTDMVNQ,52
ALWKTMLKKLGTMALHAGKAAFGAAADTISQ,52
ALWKNMLKGIGKLAGQAALGAVKTLVGAES,52
GLWSKIKEAAKTAGLMAMGFVNDMV,52
SLGSFLKGVGTTLASVGKVVSDQFGKLLQAGQ,27
SSLLEKGLDGAKKAVGGLGKLGKDAVEDLESVGKGAVHDVKDVLDSVL,2
YDPEAASAPGSGNPCHEASAAQKENAGEDP,2
SHQDCYEALHKCMASHSKPFSCSMKFHMCLQQQ,2
YCSYTMEA,2
SVAGRAQGM,2
TESYFVFSVGM,2
FLPGLLAGLL,2
RAGLKFPVGRVHRLLR,2
FLNALKNFAKTAGKRLKSLLN,2
FFPLALLCKVFKKC,2
IIPLPLGYFAKKT,2
SAVGRHGRRFGLRKHRKH,2
GLNALKKVFQGIHEAIKLINNHVQ,2
GIHDILKYGKPS,2
GLMSLFKGVLKTAGKHIFKNVGGSLLDQAKCKITGEC,2
GLMSLFRGVLKTAGKHIFKNVGGSLLDQAKCKITGEC,2
GLMSVTKGVLKTAGKHIFKNVGGSLLDQAKCKISGQC,2
GLMSVLKGVLKTAGKHIFKNVGGSLLDQAKCKITGQC,2
GLLSVLKGVLKTTGKHIFKNVGGSLLDQAKCKISGQC,2
GLMDVFKGAAKNLLASALDKIRCKVTKC,2
FLPLFLPKIICVITKKC,2
FLPIVENCSLVCWENNQKC,2
FLPLIASLAANFVPKIFCKITKKC,50
FLPLIASVAANLVPKIFCKITKKC,50
SLLGTVKDLLIGAGKSAAQSVLKGLSCKLSKDC,50
GVFSFLKTGAKLLGSTLLKMAGKAGAEHLACKATNQC,2
GIFSALAAGVKLLGNTLFKMAGKAGAEHLACKATNQC,2
GILDTFKGVAKGVAKDLAVHMLENLKCKMTGC,2
GIMNTVKDVATGVATHLLNMVKCKITGC,2
FLPVLTGLTPSIVPKLVCLLTKKC,2
FLPVLAGLTPSIVPKLVCLLTKKC,2
FFPMLAGVAARVVPKVICLITKKC,2
FLPMLAGLAASMVPKLVCLITKKC,2
VIVFVASVAAEMMQHVYCAASKKC,2
FIFPKKNIINSLFGR,2
TSRCIFYRRKKCS,2
KEKLKLKCKAPKCYNDKLACT,2
VAIYGRDDRSDVCRQVQHNWLVCDTY,2
ENMFNIKSSVESDSFWG,2
EMLKKKKEVKMERKT,2
FLPAVIRVAANVLPTAFCAISKKC,2
LPFVAGVAAEMMQHVYCAASKKC,2
ILPFVAGVAAEMMQHVYCAASKKC,2
IDPFVAGVAAEMMQHVYCAASKKC,2
INPFVAGVAAEMMQHVYCAASKKC,2
ILPFVAGVAAEMMKHVYCAASKKC,2
IIPFVAGVAAEMMEHVYCAASKKC,2
QLPFVAGVACEMCQCVYCAASKKC,2
ILPFVAGVAAEMMEHVYCAASKKC,2
ILPFVAGVAAMEMEHVYCAASKKC,2
FLPAVLLVATHVLPTVFCAITRKC,2
LAFVAGVAAEMMQHVYCAASKKC,2
GILDTFKNMALNAAKSAGVSVLNALSCKLSKTC,2
GLLDTFKNMALNAAKSAGVSVLNALSCKLSKTC,2
GLLDTFKNMAINAAHGAGVSVLNALSCKLKKTC,2
GLLDTFKNLALNAAESAGVSVLNSLSCKLSKTC,2
GLLDGILNANFNAAKSAGTSVLNALSCKLSKTC,2
GVLATVKNLLIGTGDGAAQSVLKTLSCKLSNDC,2
GVLGTVKDLLIGAGKSAAQSTLKTLSCKISNDC,2
GVLATVKNLLNGTGDGAAQSVLKTLSCKLSNDC,2
SVLGTVKDLLIGAGKSAAQSVLTALSCKLSNSC,2
GLLDTIKNMALNAAKSAGVSVLNSLSCKLSKTC,2
GLIDTIKNMALNAAKSAGVSVLNTLSCKLSKTC,2
SVLGTVKDLLIGAGKSAAQSVLTANSCKLSNSC,2
SFLDTLKNLAISAAKGAGQSVLSTLSCKLSETC,2
GLLDTIKNMALNAAKSAGVSVLNSLSCKDSKTC,2
GLLDTIKNMALNAAKSAGVSVLNTLSCKLSKTC,2
SFLDTLKNLAISAAKGAGQSVLSTLSCKLSKTC,2
SFLSTFKELAINAAKNAGQSILHTLSCKLDKTC,2
SFLSTFKELAINAAKNAGQSLLHTLSCKLDKTC,2
SVMGTVKDLLIGAGKSAAQSVLKSLSCKISNDC,2
SVMGTVKDLLIGAGKSAAQSVLKSLSCKLSNDC,2
SVMGTVKDLLIGAGKSAAQSVLKALSCKLSKDC,2
GLFSKFVGKGIKNFLIKGVKHIGKEVGMDVIRVGIDVAGCKIKGVC,2
GLFSKFSGKGIKNFLIKGVKHIGKEVGMDVIRTGIDVAGCKIKGEC,2
GLFSKFAGKGIKDLIFKGVKHIGKEVGMDVIRTGIDVAGCKIKGEC,2
GLFTKFAGKGIKDLIFKGVKHIGKEVGMDVIRTGIDVAGCKIKGEC,2
GLFSKFAGKGIKNFLIKGVKHIGKEVGMDVIRTGIDVAGCKIKGEC,2
GIFSKISGKAIKNLFIKGAKNVGKEVGMDVVRTGIDVVGCKIKGEC,2
KISGKAIKNLFIKGAKNVGKEVGMDVVRTGIDVVGCKIKGEC,2
GIFSKISGKAIKNLFIKGAKNVGKRVGMDVVRTGMDVVGCKIKGEC,2
GIFSKISGKAIKNLFIKGAENVGKHVGMDVVRTGIDVVGCKIKGEC,2
GIFSKISGKAIKNLFIKGAKNVGKEVGMDVVRTGMDVVGCKIKGEC,2
GIFTLIKGAAKLIGKTVAKEAGKTGLELMACKITNQC,2
GLFTLIKGAAKLIGKTTAKEAGKTGKLEMACKITNQC,2
GVFTLIKGATQLIGKTLGKELGKTGLELMACKITNQC,2
GVFTLIKGATQLIGKTLGKEVGKTGLELMACKITKQC,2
GVFTLLKGATQLIGKTLGKELGKTGLELMACKITNQC,2
GVFTLIKGATQLIGKTLGKELGKTGLELMACKITEQC,2
GVFTLIKGATQLIGKTLGKELGKTGLEIMACKITKQC,2
GLLSGVLGVGKKIVCGLSGLC,2
GIFGKILGVGKKTLCELSGMC,2
GIFLKVLGVGKKVLCGVSGLC,2
GILSGILGVGKKLVCGLSGLC,2
GILSGILGVGKMLVCGLSGLC,2
GILSGLLGVGKMLVCGLSGLC,2
GILSGVLGMGKKIVCGLSGLC,2
GILGNIVGMGKKIVCGLSGLC,2
GILGNIVGMGKKVVCGLSGLC,2
GILSGVLGMGKKIVCGLRGLC,2
GILGNIVGMGKQVVCGLSGLC,2
VVKCSYRLGSPDSQCN,2
GFMDTAKNVAKNMAGNLLDNLKCKITKAC,2
GFMDTAKNVAKNMAVTLLDNLKCKITKAC,2
GFMDTAKNVAKNEAGNLLDNLKCKITKAC,2
GFMATAKNVAKNMDVTLLDNLKCKITKAC,2
GFMNTAKNVAKNVAVTLLDNLKCKITGGC,2
GLFTLIKGAYKLDAPTVACN,2
GLFTLIKGAYKNDAPTVACN,2
ATNIPFKVHFRCKAAFC,2
AVNIPFKVHFRCKAAFC,2
GLFSKFAGKGIVNFLIEGVE,2
FLPKLFAKITKKNMAHIR,2
FLPKLFAGIISKNF,2
VVKCSYRQGSPDSR,2
VVKFSYRKGSPAPQKN,2
ENAEEDIVLMENLFCSYIVGSADSFWT,2
DANVENGEDAEDLTDKFIGLMG,2
RFIYMKGFGKPRFGKR,2
SADQTGMNKAALSPIRFISKSV,2
IPWKLPATFRPVERPFSKPFCRKD,2
KNNFCQVLYVWLLRLGKQCFVKFSKDVET,2
FLPGLECVW,2
VTPPWARIYYGCAKA,2
FFSTSCRSGC,2
AAPRGGKGFFCKLFKDC,2
LLPPWLRPRNG,2
APDRPRKFCGILG,2
VFLGNIVSMGKKI,2
DAAVEPELYHWGKVWLPN,2
CVDIGFSPTGKRPPFCPYPG,2
FKVQNQHGQVVKIFHH,39
SFPFFPPGICKRLKRC,2
SFHVFPPWMCKSLKKC,2
YVPPVQKPHPNGPKFPTFP,2
GKFLHSAGKFGKAFLGEVMIG,2
GIGKFLHSAGKFGKAFLGEVMKS,2
GLGSLLGKAFKIGLKTVGKMMGGAPREQ,2
GWASKIGTQLGKMAKVGLKEFVQS,2
GVGKFLHSAKKFGQALASEIMKS,2
GVGKFLHSAKKFGQALVSEIMKS,2
GWASKIGQALGKVAKVGLQQFIQPK,2
GLGSLLGKALKFGLKAAGKFMGGEPQQ,2
GFLGPLLKLGLKGVAKVLPHLIPSRQQ,2
GFWSSALEGLKKFAKGGLEALTNPK,2
GVSKILHSAGKFGKAFLGEIMKS,2
GWASKIGQTLGKMAKVGLQELIQPK,2
GIGKFLHSAGKFGKAFIGEIMKS,2
GLGSLLGKAFKFGLKTVGKMMAGAPREQ,2
GLGSLLGKAFKFGLKTVGKMMGGAPREQ,2
GLGSLLGKAFKFGLKTVGKMMGGAPREE,2
LKIPGFVKDTLKKVAKGIFSAVAGAMTPS,2
IKIPAVVKDTLKKVAKGVLSAVAGALTQ,2
IKIPAFVKDTLKKVAKGVISAVAGALTQ,2
IKIPPIVKDTLKKVAKGVLSTIAGALST,2
GFGSFLGSLFKTGLKIIPKLLPSIQQ,2
RWCVYAYVRIRGVLVRYRRCW,2
GIKEFAHSLGKFGKAFVGGILNQ,2
GWASKIGQTLGKMAKVGLQEIIQPK,2
ACYCRIPACFAGERRYGTCFYLGRVWAFCC,2
GLWSKIKEAAKAAGKAALNAVTGLVNQGDQPS,2
EGPVGLADPDGPASAPLGAP,190
GKLNLFLSRLEILKLFVGAL,2
FLGAIAAALPHVINAVTNAL,2
FFGAIAAALPHVISAIKNAL,2
FVGAIAAALPHVISAIKNAL,2
IIGAIAAALPHVINAIKNTF,2
FLPAVIRVAANVLPTVFCAISKKC,2
GIFGKILGAGKKVLCGLSGLC,2
GIFGKILGVGKKVLCGLSGMC,2
FLPAVLRVAAKVVPTVFCLISKKC,2
KRGFGKKLRKRLKKFRNSIKKRLKNFNVVIPIPLPG,2
KRGLWESLKRKATKLGDDIRNTLRNFKIKFPVPRQG,2
RTKRRIKLIKNGVKKVKDILKNNNIIILPGSNEK,2
RPWAGNGSVHRYTVLSPRLKTQ,2
FFGHLYRGITSVVKHVHGLLSG,192
RIGVLLARLPKLFSLFKLMGKKV,2
GLLSGILGAGKHIVCGLTGCAKA,2
FFPIIAGMAAKLIPSLFCKITKKC,2
FLPIIAGMAAKVICAITKKC,2
FFPIIAGMAAKVICAITKKC,2
FLPAIVGAAAKFLPKIFCAISKKC,2
FLPVIAGVAANFLPKLFCAISKKC,2
FLPIIAGAAAKVVQKIFCAISKKC,2
FLPIIAGAAAKVVEKIFCAISKKC,2
GLMDTIKGVAKTVAASWLDKLKCKITGC,2
GILSSFKGVAKGVAKNLAGKLLDELKCKITGC,2
FLPILAGLAAKLVPKVFCSITKKC,2
FLPILAGLAANILPKVFCSITKKC,2
FLPIIAGVAAKVLPKLFCAITKKC,2
FLPVIAGLAAKVLPKLFCAITKKC,2
FFPTIAGLTKLFCAITKKC,2
GFSSIFRGVAKFASKGLGKDLAKLGVDLVACKISKQC,2
GLMDTVKNAAKNLAGQLLDRLKCKITGC,2
GLMDTIKGVAKNVAASLLEKLKCKVTGC,2
GLLSTFKNLATNVAGTVIDTLKCKVTGGCRT,2
DVIKKVASVIGGL,2
KPPPWVPV,159
GIPCGESCVFIPCTVTALLGCSCKDKVCYKN,31
GVPCAESCVWIPCTVTALLGCSCKDKVCYLN,31
GIPCGESCVYIPCTVTALLGCSCKDKVCYKN,31
IPCGESCVWIPCITAIAGCSCKNKVCYT,2
AIPCGESCVWIPCISTVIGCSCSNKVCYR,2
GEYCGESCYLIPCFTPGCYCVSRQCVNKN,2
IPCGESCVWIPCISGMFGCSCKDKVCYS,2
GSGRGSCRSQCMRRHEDEPWRVQECVSQCRRRRGGGD,194
RKGWFKAMKSIAKFIAKEKLKEHL,2
RLGDGCTR,118
GIACGESCVFLGCFIPGCSCKSKVCYFN,127
GVIPCGESCVFIPCISSVLGCSCKNKVCYRD,127
KLCGETCFKFKCYTPGCSCSYPFCK,127
GLWNSIKIAGKKLFVNVLDKIRCKVAGGCKTSPDVE,2
GGSVPCGESCVFIPCITSLAGCSCKNKVCYYD,2
FSFKRLKGFAKKLWNSKLARKIRTKGLKYVKNFAKDMLSEGEEAPPAAEPPVEAPQ,2
GLRSKIWLWVLLMIWQESNKFKKM,2
RSGRGECRRQCLRRHEGQPWETQECMRRCRRRG,2
QGVRNSQSCRRNKGICVPIRCPGSMRQIGTCLGAQVKCCRRK,2
RTCMIKKEGWGKCLIDTTCAHSCKNRGYIGGNCKGMTRTCYCLVNC,2
GLMDTVKNAAKNLAGQMLDKLKCKITGSC,2
FFGSLLSLGSKLLPSVFKLFQRKKE,2
RCLPAGKTCVRGPMRVPCCGSCSQNKCT,2
AWLDKLKSLGKVVGKVALGVAQNYLNPQQ,2
VGECVRGRCPSGMCCSQFGYCGKGPKYCG,36
KRFWPLVPVAINTVAAGINLYKAIRRK,2
GLWDTIKQAGKKFFLNVLDKIRCKVAGGCRT,2
RKCNFLCKLKEKLRTVITSHIDKVLRPQG,2
QLKVDLWGTRSGIQPEQHSSGKSDVRRWRSRY,2
KNIGNSVSCLRNKGVCMPGKCAPKMKQIGTCGMPQVKCCKRK,196
FRFGSFLKKVWKSKLAKKLRSKGKQLLKDYANKVLNGPEEEAAAPAE,2
ACQFWSCNSSCISRGYRQGYCWGIQYKYCQCQ,2
GFFALIPKIISSPLFKTLLSAVGSALSSSGEQE,2
INLKGLIKKVASLLT,2
VHVPPICSHRECRK,2
FGPVIGLLSGILKSLL,2
GIWSSIKNLASKAWNSDIGQSLRNKAAGAINKFVADKIGVTPSQAAS,2
RWKIFKKIEKVGRNVRDGIIKAGPAVAVVGQAATVVKG,2
GMWSKIKNAGKAAKAAAKAAGKAALGAVSEAM,2
RGGGLCYCRRRFCVCVGR,2
RGGRLCYCRGWICFCVGR,2
RGGRLCYCRPRFCVCVGR,2
FFHHIFRGIVHVGKTIHRLVTG,2
RWKPFKKELKVGRNIRDGIIKAGPAVAVIGQATSIARPTGK,2
LRVRRTLQCSCRRVCRNTCSCIRLSRSTYAS,2
GLFNVFKGALKTAGKHVAGSLLNQLKCKVSGGC,2
VGKTWIKVIRGIGKSKIKWQ,197
CIAKGNGCQPSGVQGNCCSGHCHKEPGWVAGYCK,50
GRLKKLGKKIEGAGKRVFKAAEKALPVVAGVKALG,64
QLGELIQQGGQKIVEKIQKIGQRIRDFFSNLRPRQEA,2
RWKVFKKIEKVGRNVRDGIIKAGPAIGVLGQAKALG,2
RWKVFKKIEKMGRNIRDGIVKAGPAIEVLGSAKALGK,2
VAKCTEESGGKYFVFCCYKPTRICYMNEQKCESTCIGK,24
GGKCTVDWGGQGGGRRLPSPLFCCYKPTRICYLNQETCETETCP,24
ANKCIIDCMKVKTTCGDECKGAGFKTGGCALPPDIMKCCHNC,24
TTKNYGNGVCNSVNWCQCGNVWASCNLATGCAAWLCKLA,55
QQCGRQAGNRRCPNNLCCSQFGYCGRTNEYCCTGFGCQSNCRRCG,36
ATCDLLSGIGVQHSACALHCVFRGNRGGYCTGKGICVCRN,2
LTCEIDRSLCLLHCRLKGYLRAYCSQQKVCRCVQ,2
YDLSKNCRLRGGICYIGKCPRRFFRSGSCSRGNVCCLRFG,2
AACSDRAHGHICESFKSFCKDSGRNGVKLRANCKKTCGLC,2
ADTLACRQSHQSCSFVACRAPSVDIGTCRGGKLKCCKWAPSS,2
VLLFLFQAAPGSADAPFADTAACRSQGNFCRAGACPPTFAASGSCHGGLLNCCAK,2
CLAGRLDKQCTCRRSQPSRRSGHEVGRPSPHCGPSRQCGCHMD,6
YENPYGCPTDEGKCFDRCNDSEFEGGYCGGSYRATCVCYRT,2
GILDTIKSIASKVWNSKTVQDLKRKGINWVANKLGVSPQAA,2
DTLACRQSHGSCSFVACRAPSVDIGTCRGGKLKCCKWAPSS,55
GLPVCGETCFGGTCNTPGCSCTWPICTRD,2
GLPTCGETCFGGTCNTPGCSCSSWPICTRN,199
GLPVCGETCTLGTCYTQGCTCSWPICKRN,2
GIPCAESCVYIPCTVTALLGCSCSNRVCYN,199
GLPVCGETCFGGTCNTPGCICDPWPVCTRN,199
RRIRPRPPRLPRPRPRPLPFPRPGPRPIPRPLPFPRPGPRPIPRPLPFPRPGPRPIPRPL,2
KGAPCAKKPCCGPLGHYKVDCSTIPDYPCCSKYGFCGSGPQYCG,12
KGGPCAKKPCCGPLGHYKVDCSTIPDYPCCSKYGFCGSGPQYCG,12
TKYYGNGVYCNSKKCWVDWGTAQGCIDVVIGQLGGGIPGKGKC,32
AQEPVKGPVSTKPGSCPIILIRCAMLNPPNRCLKDTDCPGIKKCCEGSCGMACFVPQ,2
KYYGNGVSCNKKGCSVDWGKAIGIIGNNSAANLATGGAAGWKS,2
MLAKIKAMIKKFPNPYTLAAKLTTYEINWYKQQYGRYPWERPVA,200
SIGSALKKALPVAKKIGKIALPIAKAALPVAAGLVG,2
SIGTAVKKAVPIAKKVGKVAIPIAKAVLSVVGQLVG,2
RIIDLLWRVRRPQKPKFVTVWVR,2
FFRHLFRGAKAIFRGARQGWRAHKVVSRYRNRDVPETDNNQEEP,201
GIGAVLKVLTTGLPALISWIKRKRQQ,2
SDYLNNNPLFPRYDIGNVELSTAYRSFANQKAPGRLNQNWALTADYTYR,2
ALWFTMLKKLGTMALHAGKAALGAAANTISQGTQ,203
ALWMTLLKKVLKAAAKALNAVLVGANA,203
GLWSKIKTAGKSVAKAAAKAAVKAVTNAV,203
ATYYGNGLYCNKEKCWVDWNQAKGEIGKIIVNGWVNHGPWAPRR,204
FIHHIFRGIVHAGRSIGRFLTG,201
ADDRCERMCQRYHDRREKKQCMKGCRYG,89
TDDRCERMCQHYHDRREKKQCMKGCRYGESD,89
IGGALGNALNGLGTWANMMNGGGFVNQWQVYANKGKINQYRPY,196
VIVKAIATLASKLL,126
SPIHACRYQRGVCIPGPCRWPYYRVGSCGSGLKSCCVRNRWA,42
NPVSCVRNKGICVPIRCPGNMKQIGTCVGRAVKCCRKK,23
GFFALIPKIISSPLFKTLLSAVGSALSSSGGQE,2
GCRFCCNCCPNMSGCGVCCRF,52
FLSLIPHIVSGVAALAKHLG,2
DRCTKRYGRCKRDCLESEKQIDICSLPRKICCTEKLYEEDDMF,2
GLLLDTVKGAAKNVAGILLNKLKCKMTGDC,2
GYGDGCYSEDDLSVCCKKKFKVIGKCFKSVRECQNSGCKYH,194
GWASSIGSILGKFAKGGAQAFLQPK,2
GLLSNVAGLLKQFAKGGVNAVLNPK,2
EYHLMNGANGYLTRVNGKYVYRVTKDPVSAVFGVISNGWGSAGAGFGPQH,206
DHYICAKKGGTCNFSPCPLFNRIEGTCYSGKAKCCIR,2
GLPVCGETCAGGTCNTPGCSCSWPICTRN,127
GLPVCGETCFGGTCNTPGCTCDPWPVCTRN,127
RRIRPRPPRLPRPRPRPLPFPRPGPRPIPRPLPFPRPGPRPIPRPLPFPRPGPRPIPRP,2
RYCERSSGTWSGVCGNSGKCSNQCQRLEGAAHGSCNYVFPAHKCICYYPC,65
QKLCERPSGTWSGVCGNNNACRNQCINLEKARHGSCNYVFPAHKCICYFPC,65
RYCERSSGTWSGVCGNTDKCSSQCQRLEGAAHGSCNYVFPAHKCICYYPC,65
QKLCERPSGTWSGVCGNNGACRNQCIRLERARHGSCNYVFPAHKCICYFPC,65
TNYGNGVGVPDAIMAGIIKLIFIFNIRQGYNFGKKAT,35
GFLDIIKDTGKEFAVKILNNLKCKLAGGCPP,208
RTCESQSHRFKGTCVRQSNCAAVCQTEGFHGGNCRGFRRRCFCTKHC,24
GFGCPWNRYQCHSHCRSIGRLGGYCAGSLRLTCTCYRS,32
GKIPVKAIKKAGAAIGKGLRAINIASTAHDVYSFFKPKHKKK,2
KTCMTKKEGWGRCLIDTTCAHSCRKQGYKGGNCKGMRRTCYCLLDC,24
MRKEFHNVLSSGQLLADKRPARDYNRK,62
SCTCRRAWICRWGERHSGKCIDQKGSTYRLCCRR,2
LVQPRGPRSGPGPWQGGRRKFRRQRPRLSHKGPMPF,5
QRPRLSHKGPMPF,5
GLLNVIKDTAQNLFAAALDKLKCKVTKCN,2
GLLNVIKDTAQNLFAAALEKLKCKVTKCN,2
KYYGNGVHCTKSGCSVNWGEAFSAGVHRLANGGNGFW,50
GIMDTIKGAAKDLAGQLLDKLKCKITKC,2
FLGAIAGVAAKFLPKVFCFITKKC,2
FLPLIAGVAANFLPKIFCLISKKC,2
FLPVIASVAAKVLPKVFCFITKKC,2
FLPLIAGVAASILPKIFCFITKKC,2
GWLKKIGKKIERVGQHTRDATIQTIGVAQQAANVAATLKG,2
ENDHRMPNELNRPNNLSKGGAKCGAAIAGGLFGIPKGPLAWAAGLANVYSKCN,14
TTHSGKYYGNGVYCTKNKCTVDWAKATTCIAGMSIGGFLGGAIPGKC,14
FNKLKQGSSKRTCAKCFRKIMPSVHELDERRRGANRWAAGFRKCVSSICRY,2
LSKYGGECSVEHNTCTYLKGGKDHIVSCPSAANLRCKTERHHCEYDEHHKTVDCQTPV,2
TPGGIDFISGGPHVAQDVLNAIKNFFK,206
YSSKDCLKDIGKGIGAGTVAGAAGGGLAAGLGAIPGAFVGAHFGVIGGSAACIGGLLGN,206
RWKIFKKIEKMGRNIRDGIVKAGPAIEVLGSAKAI,77
SFLNFFKGAAKNLLAAGLDKLKCKISGTQC,2
GGLRSLGRKILRAWKKYGPIIVPIIRIG,2
RFGRFLRKIRRFRPKVTITIQGSARF,2
RVKRFWPLVPVAINTVAAGINLYKAIRRK,2
GRPNPVNNKPTPHPRL,2
GFFLNALKNFAKTAGKRLKSLLNHASCKLSGQC,2
VIPFVASVAAEMMQHIFCAASRKC,2
RRRPRPPYLPRPRPPPFFPPRLPPRIPPGFPPRFPPRFP,2
GFCWYVCVYRNGVRVCYRRCN,2
KFFKKLKNSVKKRAKKFFKKPRVIGVSIPF,2
LRDLVCYCRTRGCKRRERMNGTCRKGHLMYTLCCR,42
SLGNFFRKARKKIGEEFKRIVQRIKDFLQHLIPRTEA,2
LTCDILGSTPACAAHCIARGYRGGWCDGQSVCNCRR,2
LRLKSIVSYAKKVL,2
GSCGASIAEFNSSQILAKRAPPCRRPRLQNSEDVTHTTLP,36
GSCGAPISKYDFQVLAKRPPPCRRPRLENTEDVTHTTRP,36
KFFKRLLKSVRRAVKKFRKKPRLIGLSTLL,2
FSTKTRNWFSEHFKKVKEKLKDTFA,2
KTRNWFSEHFKKVKEKLKDTFA,2
GWLRDFGKRIERVGQHTRDATIQAIGVAQQAANVAATVRG,2
GWLKKIGKKIERVGQHTRDATIQVLGVAQQAANVAATARG,2
GWLKKIGKKIERVGQHTRDASIQAIGIAQQAANVAATARG,2
GLVKKIGKKIERVGQHTRDASIQAIGIAQQAANVAATARG,2
GWLKKFGKKIERVGQHTRDATIQAIGVAQQAANVAATLKG,2
ATCDLLSATGFSGTACAAHCLLIGHRGGYCNTKSVCVCRD,2
ATCDLLSGTGVKHSACAAHCLLRGNRGGYCNGRAICVCRN,2
ATCDLLSGTGANHSACAAHCLLRGNRGGYCNSKAVCVCRN,2
LTCNIDRSFCLAHCLLRGYKRGFCTVKKICVCRH,2
GTCSFSSALCVVHCRVRGYPDGYCSRKGICTCRR,2
FTCNSYACKAHCILQGHKSGSCARINLCKCQR,2
HHHHRFGKIGHELHKGVKKVEKVTHDVNKVTSGVKKVASSIEKAKNV,2
HHHFGRIGHELHKGVKKVEKVTSDVNKVTNGVKQVANGIAKAKTVIEAGSIAGAVAAAAA,2
HHHLFGHVGHEVERSLHKVGHKLEHACHEVHKTAKKVQK,2
AGFRKRFNKLVKKVKHTIKETANVSKDVAIVAGSGVAVGAAMG,2
GFRKRFNKLVKKVKHTIKETANVSKDVAIVAGSGVAVGAAMG,2
EWRPHGSNGGSSLRPGRPQTLPPQRPIQPDFNGPRQRF,2
EWRPHGSIGGSGLRPGRPQTLPPQRPRRPDFNGPRHRF,2
SPFVDRPRRPIQHNGPKPRIITNPPFNPNARPAW,2
SWIKKDKFPSSTGPYNPNPPPPRF,2
KACPRNCDTDIAYMVCPSSGERIIRKVCTNCCAAQKGCKLFRSNGSIKCTGT,37
GASPALWGCDSFLGYCRIACFAHEASVGQKDCAEGMICCLPNVF,2
GRADYNFGYGLGRGTRKFFNGIGRWVRKTF,14
SSRRPCRGRSCGPRLRGGYTLIGRPVKNQNRPKYMWV,2
FFPIVAGVAGQVLKKIYCTISKKC,2
MTPLWRVMGNKPFGAYCQDHVECSTGICKGGHCIYSQPIKS,212
QSHISLCRWCCNCCKANKGCGFCCKF,96
GMKCKFCCNCCNLNGCGVCCRF,96
DHYNCVSSGGQCLYSACPIFTKIQGTCYRGKAKCCK,2
GVFDIIKGAGKQLIAHAMEKIAEKVGLNKDGN,2
GVFDIIKGAGKQLIAHAMGKIAEKVGLNKDGN,2
GVFDIIKGAGKQLIARAMGKIAEKVGLNKDGN,2
SGPNGQCGPGWGGCRGGLCCSQYGYCGSGPKYCAH,65
LKGASKLIPHLLPSRQQ,2
IRPVPFFPPVHAKKVFPLH,2
EWKLPDLIINHITLTRRNCFKYRCG,213
PPIQNPSMAPPTQNPYGQPMTPPTQNPYGQPMAPP,2
SPAIWGCDSFLGYCRLACFAHEASVGQKECAEGMLCCIPNVF,2
LIQRGRFGRFLGRIRRFRPRINFDIRARGSIRLG,2
KRFWQLVPLAIKIYRAWKRR,2
NLCASLRARHTIPQCKKFGRR,2
GLRKKFRKTRKRIQKLGRKIGKTGRKVWKAWREYGQIPYPCRI,67
AVAGEKLWLLPHLLKMLLTPTP,129
AGLQFPVGRIGRLLRK,50
MPRRRRSSSRPVRRRRRPRVSRRRRRRGGRRR,2
GGLKKLGKKLEGAGKRVFKASEKALPVVVGIKAIGK,2
KYYGNGVHCTKSGCSVNWGEAFSAGVHRLA,206
KGLGKLIGIDWLLGQAKDAVKQYKKDYKRWH,206
FIGRAIGDFVYFGAKGLRESGKLLNYYYKHKH,206
DTTPCGESCVWIPCVSSIVGCSCQNKVCYQN,2
DTIPCGESCVWIPCISSILGCSCKDKVCYHN,2
GLPICGETCFKTKCYTKGCSCSYPVCKRN,2
GSVIGCGETCLRGRCYTPGCTCDHGICKKN,2
GSVIKCGESCLLGKCYTPGCTCSRPICKKN,2
GSAIRCGESCLLGKCYTPGCTCDRPICKKN,2
DLQCAETCVHSPCIGPCYCKHGLICYRN,2
FFVLKFLLKWAGKVGLEHLACKFKNWC,2
YPCKLNLKLGKVPFH,2
LRHKVYGYCVLGP,2
RGSALTHLP,215
MELRGCNNSGCDSVCRALGFNHGRCVSADTCRCYN,2
KWKIFKKIEKAGRNIRDGIIKAGPAVSVVGEAATIYKTG,2
RTCENLADKYRGPCFSGCDTHCTTKENAVSGRCRDDFRCWCTKRC,89
RTCESQSHKFKGPCASDHNCASVCQTERFSGGRCRGFRRRCFCTTHC,89
VSFPWSCAALSGVCRQGACLPSELYFGPLGCGKGSLCCVSYFL,2
AAKIILNPKFRCKAAFC,2
MGAIIKAGAKIVGKGVLGGGASWLGWNVGEKIWK,32
MGAIIKAGAKIIGKGLLGGAAGGATYGGLKKIFG,32
MGAIIKAGAKIVGKGALTGGGVWLAEKLFGGK,32
MGKLAIKAGKIIGGGIASALGWAAGEKAVGK,32
MGAVAKFLGKAALGGAAGGATYAGLKKIFG,32
MGALIKTGAKIIGSGAAGGLGTYIGHKILGK,32
MGAVIKVGAKVIGWGAASGAGLYGLEKIFKK,32
MGAVVKGGLKIIGGTAASWLGWEAGTRIWK,32
MGAAVKMLGKAFAGGVAGGATYGGLKKIFG,32
MGAVVKGALKIIGGGAASGGAVYGLERIFGR,32
MGKKIGKWIITGAAGWAGWEIGEGIWK,32
MKYLGTLIKGAAGGAGAYVGEKIYNWYKN,32
MGALFKAALKAAGGGAAGGATYGGLKHFFG,32
MAKIGKWVVKGAAGYLGWEIGEGIWK,32
MGALVKGGLKLIGGTAASWLGWEAGERVWK,32
MGAIIKGGLKLVGGGAAGGFTYGGLKKIFG,32
MGAIIKGAAKVLGKGAATGGVIYGLEKLFR,32
FFHHIFRGIVHVGKTIHKLVTG,201
LIGSLFRGAKAIFRGARQGWRSHKAVSRYRARYVRRPVIYYHRVYP,201
LFGSVKAWFKGAKKGFQDYRYQKDMAKMNKRYGPNWQQRGGQEPPADAQANDQPP,201
FFGRLKSMWRGARGGLKAYKYQKDMAKMNKRYGPNWQQGGGQEPPADAQANDQPP,201
IWSFLIKAATKLLPSLFGGGKKDS,90
GVWDWIKKTAGKIWNSEPVKALKSQALNAAKNFVAEKIGATPS,90
RTCESKSHRFKGPCVSTHNCANVCHNEGFGGGKCRGFRRRCYCTRHC,65
KRMGIFHLFWAGLRKLGNLIKNKIQQGIENFLG,2
KRIGLIRLIGKILRGLRRLG,2
KRIRFFERIRDRLRDLGNRIKNRIRDFFS,2
TFKRKNGSRKNGHRPGGYSLIALGNKKVLKAPYMESI,2
KREDFLDQIIRDFRNFIYQKYRRLRDEFRKLRDILSG,2
GIKHILFMAKTKLPRATCTAEIKENCDRKK,2
GPDSCNHDRGLCRVGNCNPGEYLAKYCFEPVILCCKPLSPTPTKT,2
FIFHIIKGLFHAGKMIHGLVTRRRHGVEELQDLDQRAFEREKAFA,2
FIFHIIKGLFHAGKMIHGLVTRRRH,2
FFFHIIKGLFHAGRMIHGLVNRRRHRHGMEELDLDQRAFEREKAFA,2
APRMEIGKRREKLGRNVFKAAKKALPVIAGYKALG,2
ECIPTKHDCTNDRKNCCPGHECKCYNTQIGGSKKEQCGCKKSLLAKAKNFGGKVITIFKA,95
AFGCPFDQGTCHSHCRSIRRRGERCSGFAKRTCTCYQK,88
GFGCPFDQGACHRHCQSIGRRGGYCAGFIKQTCTCYHN,88
KKCKFFCKVKKKIKSIGFQIPIVSIPFK,2
KKCGFFCKLKNKLKSTGSRSNIAAGTHGGTFRV,2
APKGVQGPNG,64
KWKLFKKIEKVGQNIRDGIIKAGPAVAVVGQATQIAK,2
GWLDVAKKIGKAAFNVAKNFL,2
RWKIFKKIEKMGRNIRDGIVKAGPAIEVLGSAKAIGK,2
ASVVNKLTGGVAGLLK,2
FFFHIVKGLFHAGRMIHGLVNRRRHRHGMEELDLDQRAFEREKAFA,2
IFGLLLHGAIHVGKLIHGLVRRHGEEQLDDLEQLDKRALDYNPGRPGFD,2
FFRHIKSFWKGAKAIFRGARQGWREHRALSKQRKMDQGGGGNEVDNGTPPYWQK,2
GWLKKIGKKIERVGQHTRGLGIAQIAANVAATAR,2
KWKFFKKIERVGQNIRDGIIKAGPAVAVVGQATNIAKG,2
RILTMTKRVKMPQLYKQIVCRLFKTC,2
NLLNDALGTVNGLLGRS,2
GIPCGESCVWIPCLTSAIGCSCKSKVCYRN,2
GTLPCGESCVWIPCISSVVGCSCKSKVCYKD,2
GIPCAESCVWIPCTVTALLGCSCKDKVCYLD,2
GLPCGESCVFIPCITTVVGCSCKNKVCYNN,2
GGTIFDCGESCFLGTCYTKGCSCGEWKLCYGTN,2
GLPVCGETCFGGTCNTPGCACDPWPVCTRD,2
GGVCPKILQRCRRDSDCPGACICRGNGYCGSGSD,2
GGVCPKILKKCRRDSDCPGACICRGNGYCGSGSD,2
GVIPCGESCVFIPCINKKKCSCKNKVCYRD,2
GKYTCGETCFKGKCYTPGCTCSYPICKKD,2
GKPTCGETCFKGKCYTPGCTCSYPLCKKD,2
GKPICGETCFKGKCYTPGCTCSYPICKKD,2
GKPICGETCFKGKCYTPGCTCSYPICKKN,2
GLPTCGETCFKGKCYTPGCSCSYPICKKD,2
GLPTCGETCFKGKCYTPGCSCSYPICKKN,2
RPKKVQGRKAEKDNGDGTTAANASGKKKSSNVFK,2
RRGLFKKLRRKIKKGFKKIFKRLPPVGVGVSIPLAGRR,2
TRRKFWKKVLNGALKIAPFLLG,2
TRWLWLLRGGLKAAGWGIRAHLNRNQ,2
ASENGKCNLLCLVKKKLRAVGNVIKTVVGKIA,2
RTCESQSHRFKGPCARDSNCATVCLTEGFSGGDCRGFRRRCFCTRPC,24
MWGRILGTVAKYGPKAVSWAWQHKWELINMGDLAFRYIQRIWG,32
FFGPLIKIATGVLPNLICKALGKC,2
GIGSMLLGLAKNVGMSLLNKAQCKISGKC,2
GFMGDTLKGIARNAALALMNAAQCKLSGKC,2
APKVNVNALRKGGRVIRKGLGVIGAAGTAHEVYNHVRNRNQG,2
APKVNVNALKKGGHVIKKGLGVIGAAGTAHEVYNHVRNRNQG,2
GYPWWDYRDLFGGHTFISP,85
GYPWWDYRDLFGGHTFI,216
GFGSKPIDSFGLSWL,31
WQQPSCSSICDYSCGKSACISYSGRCGCCASCRRGPIY,2
RSPPQCQYTNCAAVLCPAVYCANAYTPPCGCCDICPPQKYGGGYRPR,2
RSQPGPTCPSSVQAILCDNRCGRSACSYYIERCACCAKCNRIPYYGASNHP,2
GSAQPYKQLHKVVNWDPYG,2
TVKCGMNGKMPCKHGAFYTDTCDKNVFYRCVWGRPVKKHCGRGLVWNPRGFCDYA,2
FFQELKEGWKNIKKA,16
FFGRLKAVFRGARQGWKEHRY,16
FFSMIPKIATGIASLVKNL,2
GLVSGLLNSVTGLLGNLAGGGL,2
FFRNLWKGAKAAFRAGHAAWRA,2
GLVGTLLGHIGKAILGG,2
QSKKCCGRCSSRMCTKREKEEHTEDCRGSFCCLTHRKKK,2
GWLKKLGKKIERVGQHTRDATIQTIGVAQQAVNVAATLKG,2
KKCKGYRCRPVGFSSPISRRINDSENIYLPFGV,2
RKCNFLCKVKNKLKSVGSKSLIGSATHHGIYRV,2
AFKCKFCCGCCRAGVCGLCCRF,212
FFHHIFNGLVGVGKTIHRLI,2
DSEGWKVQPNINRDQDGNTAGSVRVQKQLGNHEVHAGASRVFSGPNRGGPSYNVGATFNW,2
GVWGIAKIAGKVLGNILPHVFSSNQS,2
AKKPFVQRVKNAASKAYNKLKGLAMQSQYGCPIISNMCEDHCRRKKMEGQCDLLDCVCS,2
HGVSGHGQHGVHG,79
GVSGHGQHGVHG,79
GTLPCGESCVWIPCISSVVGCSCKSKVCYKN,199
GIPCGESCVWIPCISAAIGCSCKSKVCYRN,199
GSIPACGESCFKGKCYTPGCSCSKYPLCAKN,199
GLVPCGETCFTGKCYTPGCSCSYPICKKN,199
GLPCGETCFTGKCYTPGCSCSYPICKKIN,199
GLPTCGETCFGGTCNTPGCTCDPWPVCTHN,199
GVPCGESCVFIPCITGVIGCSCSSNVCYLN,199
GIPCAESCVWIPCTVTALVGCSCSDKVCYN,199
LNLKKILGKIGVMLSHLN,2
GGTIFDCGETCFLGTCYTPGCSCGNYGFCYGTN,5
GVIPCGESCVFIPCISAAIGCSCKNKVCYRN,5
GTACGESCYVLPCFTVGCTCTSSQCFKN,5
GIPCGESCVFIPCLTTVAGCSCKNKVCYRN,5
GFPCGESCVFIPCISAAIGCSCKNKVCYRN,5
VGTDFSGNDDISDVQK,2
RRWCFRVCYRGFCYRKCR,2
RRWCFRVCYKGFCYRKCR,2
RRGCFRVCYRGFCFQRCR,2
RWCFRVCYRGICYRKCR,2
KWCFRVCYRGICYRKCR,2
INLKAIAALVKKV,2
AQRCGDQARGAKCPNCLCCGKYGFCGSGDAYCGAGSCQSQCRGCR,106
AQRCGDQARGAKCPNCLCCGKYGFCGSGDAYCGKGSCQSQCRGCR,106
AQRCGDQARGAKCPNCLCCGKYGFCGSGDAYCGEGSCQSQCRGCR,106
AQRCGDQARGAKCPNCLCCGKYGFCGSGDAYCGNGSCQSQCRGCR,106
EQCGRQAGGKLCPNNLCCSQWGWCGSTDEYCSPDHNCQSNCKD,65
GLFSKKGGKGGKSWIKGVFKGIKGIGKEVGGDVIRTGIEIAACKIKGEC,2
TRGRWGRFKRRAGRFIRRNRWQIISTGLKLIG,2
KKPSKKPKPQAMTFPKVTVEYFPASFSTAALTVPED,2
QSVACTSYYCSKFCGSAGCSLYGCYLLHPGKICYCLHCSR,2
RRSRSPRRKWTWKPRRRGSYTLISQGGNKGKH,2
TRSRWRRFTRRAGGFIRKNRWNIISTALKWIG,2
ASLLSLALMSQTTPIHPTPNYRTAWFLFSGLLGSAGVLFFLEAPTEVRSGG,2
CEKPSKFFSGPCIGSSGKTQCAYLCRRGEGLQDGNCKGLKCVCAC,24
GGVGKIIEYFIGGGVGRYG,2
ILELAGNAARDNKKTRIIPRHLQL,2
FIHHIIGGLFSVGKHIHSLIHGH,212
KLKNFAKGVAQSLLNKASCKLSGQC,2
RRSRFGRFFKKVRKQLGRVLRHSRITVGGRMRF,2
RRSIFRKLRRKIKKGLKKGIQHLLAGGRQGLPQGGRPGMI,2
TRGRWKRFWRGAGRFFRRHKEKIIRAAVDIVLS,2
MAFPFSTQRINPEIEEGNASLADLPVTHAGSLPGIKAQVRTALGIALLLVA,2
VALTGLTVAEYFR,2
VDKGSYLPRPTPPRPIYNRN,2
SFLTTVKKLVTNLAALAGTVIDTIKCKVTGGCRT,2
INWKALLDAAKKVL,2
FIHHIIKGIFHIGKMIHSAINRRRH,16
MGIIAGIIKFIKGLIEKFTGK,2
RSGPPGLQGRLQRLLQASGNHAAGILTM,2
KPCTKLSKGWRGLCAPHKCSSYCIHHEGAYHGACLKNRHSKHYGCYCYYRHCY,89
IKVPAIVKDTQKKVAKGVISTVADALSKS,2
KIPPVVKDTLKKVAKGVLSAVAGALS,2
IKIPPIVKDTLKKVAKGVLSTVADALSKS,2
LKIPGFVRDTLKKVAKEIFSAVTGAVTQS,2
GMASKAGAIAGKIAKVALKAL,2
FLGALLKIGAKVLPSVLCGIFKKC,2
GIKSALLGIAKNVGMSLLQKAQCKLSGSC,2
MSKVISALSKYGPKAVNWAKNHKGQIANWLLHGLSIPDIVQNVKNAVGIK,32
MTPLWRIMNSKPFGAYCQNNYECSTGLCRAGHCSTSHRAPSETVNY,2
GRFKRFRKKFKKLFKKLSPVIPLLHLG,2
KWKVFKKIEKMGRNIRNGIVKAGPAIAVLGEAKAL,2
VMWCYVFGYGFNCAVW,85
WYQLIRTFGNLIHQKYRKLLEAYRKLRD,2
FLGAILKIGHALAKTVLPMVTNAFKPKQ,2
KFFKKLKKSVKKHVKKFFKKPKVIGVSIPF,2
FFGHLLRGIVSVGKHIHGLITG,2
SLFSLIKAGAKFLGKNMLKQGPQYPACKVSKDSENVNWKS,2
GLISTIWNTASNVAGTLTDSVKCKFKKC,2
GTCIDLGSRLYCKLIRRRGMCRSRSHRARIAMMRCERSCGRCH,2
RGTCIDLGSRLYCKLIRRRGMCRSRSHRARIAMMRCERSCGRCH,2
YLPKVLHQTPGHLKP,201
FTKIYGSRLQKVLGN,201
LLKELWTKMKGAGKAVLGKIKGLL,2
RFRLPFRRPPIRIHPPPFYPPFRRFL,2
KKCNFFCKLKKKVKSVGSRNLIGSATHHHRIYRV,2
EGCNILCLLKRKVKAVKNVVKNVVKSVVG,2
KRFKKFWKKIKNSVKKRAKKFFRKPRVIAVSIPF,2
ACNDRDCSLDCIMKGYNTGSCVRGSCQCRRTSG,2
KFGGECSLKHNTCTYLKGGKNHVVNCGSAANKKCKSDRHHCEYDEHHKRVDCQTPV,6
